名字,题目,选项1,选项2,选项3,选项4
情书,关于《情书》这本小说，女藤井树和渡边博子是怎么相识的,她们是学生时代的好友,渡边博子给亡夫写信寄到了女藤井树手里,她们喜欢上了同一个人,不指定
神雕侠侣,关于《神雕侠侣》这本小说，杨过最喜欢的师父是谁,小龙女,黄蓉,郭靖,金轮国师
小王子,关于《小王子》这本小说，主人公第一次遇到小王子是在哪里？,一个星球,撒哈拉沙漠,马里亚纳海沟,东非裂谷
冬牧场,关于《冬牧场》这本小说，小说讲述了李娟和什么牧民一家深入冬牧场生活经历,哈萨克,维吾尔,蒙古,汉
射雕英雄传,关于《射雕英雄传》这本小说，小说中教郭靖射箭的师傅是谁,黄药师,欧阳锋,哲别,铁木真
云边有个小卖部,关于《云边有个小卖部》这本小说，王莺莺和刘十三是什么关系,母亲与儿子,奶奶与孙子,姑姑和侄子,外婆与孙子
西游记,关于《西游记》这本小说，小说中孙悟空是唐僧的第几个徒弟,第一个,第二个,第三个,第四个
受戒,关于《受戒》这本小说，小说描绘了明海和小英子之间的什么故事,纯真友谊,朦胧爱情,凄惨经历,上学过程
平凡的世界（全三部）,关于《平凡的世界（全三部）》这本小说，郝红梅和孙少平是什么关系？,恋人,夫妻,前任,兄妹
撒哈拉的故事,关于《撒哈拉的故事》这本小说，娃娃新娘与三毛是什么关系？,邻居的女儿,好友的女儿,同事的女儿,荷西的亲戚
树上的男爵,关于《树上的男爵》这本小说，柯希莫和彼亚哥什么关系？,父子,叔侄,祖孙,兄弟
倾城之恋,关于《倾城之恋》这本小说，白宝络和范柳原是什么关系？,连襟,恋人,夫妻,姐弟
最好的我们,关于《最好的我们》这本小说，小说中耿耿同桌是谁,余淮,余周周,林杨,盛淮南
射雕英雄传,关于《射雕英雄传》这本小说，小说中苦练郭靖而不得的大漠女子是谁,华筝,黄蓉,梅超风,穆念慈
倚天屠龙记,关于《倚天屠龙记》这本小说，张翠山与殷素素的儿子叫什么名字,张无忌,张铁山,张涛,张不然
亮剑,关于《亮剑》这本小说，李云龙与赵刚的关系,政委,上下级,同学,以上都不对
水浒传,关于《水浒传》这本小说，小说中108位好汉中有几位女性,1,2,3,4
西游记,关于《西游记》这本小说，小说中孙悟空第一个师傅是谁,菩提祖师,唐僧,如来,观音
悲惨世界,关于《悲惨世界》这本小说，珂赛特是谁的女儿？,冉阿让,马吕斯,拉马克,芳汀
围城,关于《围城》这本小说，方鸿渐和唐晓芙的孩子叫什么？,方鸿图,方凤仪,方非攻,人物不存在
房思琪的初恋乐园,关于《房思琪的初恋乐园》这本小说，晓奇和房思琪是什么关系？,同为受害者,好闺蜜,好姐妹,同班同学
东方快车谋杀案,关于《东方快车谋杀案》这本小说，赫伯德夫人与被绑架的小女孩是什么关系？,好友,师生,母女,祖孙
悉达多,关于《悉达多》这本小说，悉达多同为贵族的好友叫做什么？,伽摩拉,乔达摩,瓦苏戴瓦,戈文达
哈利波特,关于《哈利波特》这本小说，赫敏和罗恩是什么关系？,恋人,姐弟,母子,仇人
雷雨,关于《雷雨》这本小说，鲁大海和周朴园是什么关系,父子关系,叔侄关系,爷孙关系,兄弟关系
骆驼祥子,关于《骆驼祥子》这本小说，小说中祥子的雇主是谁,刘四爷,曹先生,高妈,老马
云边有个小卖部,关于《云边有个小卖部》这本小说，程霜对刘十三是什么感情,亲情,爱情,不熟,同窗之情
傲慢与偏见,关于《傲慢与偏见》这本小说，达西先生和伊丽莎白之间的关系如何？,伊丽莎白初见时的关系友好,产生不好的印象,产生友好的印象,态度一直不变
百年孤独,关于《百年孤独》这本小说，何塞・阿尔卡蒂奥与乌尔苏拉之间的关系是？,兄妹,夫妻,父女,堂兄妹
百年孤独,关于《百年孤独》这本小说，蕾梅黛丝・摩斯科特与何塞・阿尔卡蒂奥的关系是？,母女,兄妹,祖父女孙,父女
冰与火之歌,关于《冰与火之歌》这本小说，伊里斯二世的子嗣中，唯一幸存的是谁？,伊里斯的妻子,韦赛里斯,丹妮莉丝・坦格利安,詹姆・兰尼斯特
冰与火之歌,关于《冰与火之歌》这本小说，谁是艾林谷的守护者？,艾德・史塔克,劳勃・拜拉席恩,丹妮莉丝・坦格利安,詹姆・兰尼斯特
不能承受的生命之轻,关于《不能承受的生命之轻》这本小说，托马斯和特瑞莎的关系最初是？,兄妹,夫妻,好友,同事
灿烂千阳,关于《灿烂千阳》这本小说，玛黎安与娜娜的关系是什么？,母女关系,姊妹关系,主仆关系,邻居关系
恶意,关于《恶意》这本小说，野野口修与日高邦彦的关系是?,同窗好友,兄弟,儿子和父亲,同事
弗兰肯斯坦,关于《弗兰肯斯坦》这本小说，VictorFrankenstein是哪个人造人的创造者？,弗兰肯的怪物,玛丽・雪莱,维克多弗兰肯斯坦,奥特兰托堡的主人
哈利波特,关于《哈利波特》这本小说，哈利波特的麻瓜阿姨和姨丈对他的态度如何？,友善,不友善,冷漠,支持
哈利波特,关于《哈利波特》这本小说，哈利波特的新黑魔法防御术教师是谁？,威斯莱家的佛地魔追随者,路平教授,桃乐丝・恩不里居,鲁霸・海格
红楼梦,关于《红楼梦》这本小说，贾府中的宝玉与湘云的关系是：,堂兄妹,表兄妹,朋友,同学
教父,关于《教父》这本小说，麦可・柯里昂是哪位人物的儿子？,维托・柯里昂,桑尼,毒贩,警长
教父,关于《教父》这本小说，柯里昂家族的大哥桑尼是谁的兄弟？,维托・柯里昂,麦可・柯里昂,警长,毒贩
解忧杂货店,关于《解忧杂货店》这本小说，敦也和翔太、幸平的关系是？,兄弟,朋友,同学,表亲
金色梦乡,关于《金色梦乡》这本小说，青柳雅春与森田森吾的关系是什么？,邻居,大学同学,亲兄弟,合作伙伴
绝叫,关于《绝叫》这本小说，铃木阳子和她的母亲之间的关系如何？,亲密和理解,冷淡和疏远,恶劣和矛盾,关心但疏远
绝叫,关于《绝叫》这本小说，奥贯绫乃与铃木阳子的关系是什么？,母女,姐妹,朋友,刑警与犯罪嫌疑人
了不起的盖茨比,关于《了不起的盖茨比》这本小说，梅耶・沃尔夫西恩是盖茨比的什么人？,商业合伙人,导师,副手,家族成员
亮剑,关于《亮剑》这本小说，李云龙与楚云飞最初是什么关系？,盟友,敌人,无关系,同学
亮剑,关于《亮剑》这本小说，郑波在小说中是李云龙的什么身份？,兄弟,战友,亲戚,敌人
陆犯焉识,关于《陆犯焉识》这本小说，陆焉识与丹丹的关系是？,父女关系,兄妹,夫妻,叔侄
尼罗河上的惨案,关于《尼罗河上的惨案》这本小说，谁是琳奈・瑞吉威的好友，也是西蒙・道尔的前妻？,杰奎琳・贝尔福,罗莎莉,康莉亚・罗伯森,贝斯奈医生
尼罗河上的惨案,关于《尼罗河上的惨案》这本小说，谁是杰奎琳・贝尔福的前夫？,西蒙・道尔,贝斯奈医生,瑞提先生,吉姆・费松
强风吹拂,关于《强风吹拂》这本小说，阿走和清濑灰二是什么关系？,兄弟,朋友,同学,陌生人
强风吹拂,关于《强风吹拂》这本小说，城太和城次是什么关系？,兄弟,父子,叔侄,同学
倾城之恋,关于《倾城之恋》这本小说，白流苏与徐太太的关系是？,母女关系,亲戚关系,朋友关系,姐妹关系
倾城之恋,关于《倾城之恋》这本小说，范柳原和白流苏的关系在故事的发展中如何变化？,从陌生到相知,从恋人到陌生人,从好友到恋人,从仇人到盟友
情书,关于《情书》这本小说，藤井树与渡边博子之间的关系是：,姐妹,母女,同学,未婚夫和未婚妻
三体,关于《三体》这本小说，叶文洁的丈夫是谁？,杨卫宁,丁仪,魏成,申玉菲
射雕英雄传,关于《射雕英雄传》这本小说，郭靖的生父是谁？,杨铁心,丘处机,郭啸天,完颜洪烈
射雕英雄传,关于《射雕英雄传》这本小说，完颜洪烈是郭靖的什么？？,哥哥,父亲,叔叔,侄子
树上的男爵,关于《树上的男爵》这本小说，柯希莫・皮奥瓦斯科・迪・隆多和彼亚哥・皮奥瓦斯科・迪・隆多的关系是什么？,父子,兄弟,朋友,叔侄
树上的男爵,关于《树上的男爵》这本小说，薇莪拉与柯希莫・皮奥瓦斯科・迪・隆多的关系是什么？,兄妹,母女,夫妻,邻居
水浒传,关于《水浒传》这本小说，晁盖和宋江在梁山泊的关系可以描述为？,兄弟情深,师徒关系,竞争关系,恩怨交织
水浒传,关于《水浒传》这本小说，林冲和晁盖的关系可以描述为？,师徒情谊,兄弟情义,敌对对抗,同盟合作
苏菲的世界,关于《苏菲的世界》这本小说，苏菲与亚伯特之间的关系是：,父女关系,学生和老师关系,兄妹关系,邻居关系
苏菲的世界,关于《苏菲的世界》这本小说，苏菲与席妲的关系是：,姐妹关系,朋友关系,同学关系,席妲是虚构的
围城,关于《围城》这本小说，方鸿渐的妻子是谁？,鲍小姐,孙柔嘉,孙柔嘉,赵辛楣
围城,关于《围城》这本小说，方鸿渐在船上与哪位留学生相识并热恋？,鲍小姐,孙柔嘉,赵辛楣,苏文纨
天龙八部,关于《天龙八部》这本小说，慕容复与段誉的关系是？,师兄弟,徒弟,师父,同门
西线无战事,关于《西线无战事》这本小说，保罗・博伊默尔与战友卡特的关系如何？,兄弟关系,战友关系,师生关系,竞技对手关系
西线无战事,关于《西线无战事》这本小说，保罗・博伊默尔与教师坎拖雷克的关系是？,兄弟关系,学生和老师关系,敌对关系,战友关系
西游记,关于《西游记》这本小说，悉达多和乔文达是什么关系？,兄弟关系,师徒关系,同窗好友,堂兄弟关系
嫌疑人X的献身,关于《嫌疑人X的献身》这本小说，花冈靖子与美里的关系？,姐妹关系,母女关系,好友关系,同事关系
香水,关于《香水》这本小说，格勒努耶与加拉尔夫人的关系是什么？,父子关系,朋友关系,密友关系,养母关系
香水,关于《香水》这本小说，格勒努耶与朱塞佩・巴尔迪尼的关系是什么？,师徒关系,兄弟关系,父子关系,合伙关系
象棋的故事,关于《象棋的故事》这本小说，在故事中，“我”和B博士的关系可以描述为？,朋友关系,师徒关系,敌对关系,亲属关系
小王子,关于《小王子》这本小说，小王子和飞行员的关系是什么？,父子关系,师徒关系,友谊关系,兄弟关系
小王子,关于《小王子》这本小说，小王子与以下哪位角色没有建立深厚的友谊？,地理学家,国王,玫瑰园的玫瑰,被他驯服的狐狸
肖申克的救赎,关于《肖申克的救赎》这本小说，安迪和瑞德的关系是什么？,好友,兄弟,狱友,老师和学生
笑傲江湖,关于《笑傲江湖》这本小说，令狐冲的恩师是谁？,岳不群,林平之,任我行,冲虚道长
笑傲江湖,关于《笑傲江湖》这本小说，令狐冲和任盈盈之间的关系是？,恩师与弟子,兄妹,夫妻,同盟
许三观卖血记,关于《许三观卖血记》这本小说，许三观的儿子的真正身份？,许三观和许玉兰的亲生儿子,许玉兰前未婚夫的孩子,许玉兰和许三观共同抚养的孩子,许三观的堂弟
许三观卖血记,关于《许三观卖血记》这本小说，许三观娶的妻子名字是什么？,许玉兰,许芳华,许静,许梅
雪山飞狐,关于《雪山飞狐》这本小说，胡斐的父亲是谁？,胡一刀,苗人凤,田归农,李自成
雪山飞狐,关于《雪山飞狐》这本小说，谁是金面佛苗人凤的朋友？,杜希孟,宝树,平阿四,胡一刀
一个陌生女人的来信,关于《一个陌生女人的来信》这本小说，亚尔和维也纳女子的关系是什么？,朋友,母女,恋人,同事
一句顶一万句,关于《一句顶一万句》这本小说，吴摩西与吴香香的关系可以被描述为？,兄妹关系,夫妻关系,父女关系,亲戚关系
倚天屠龙记,关于《倚天屠龙记》这本小说，潇湘子和尹克西之间的关系如何描述？,兄弟,同盗书伙伴,师徒,死对头
倚天屠龙记,关于《倚天屠龙记》这本小说，张无忌的父母是谁？,郭靖和黄蓉,张翠山和殷素素,朱元璋和徐达,常遇春和周芷若
月亮与六便士,关于《月亮与六便士》这本小说，谁是思特里克兰德的妻子？,一个土著姑娘,位于伦敦的富裕女性,画家戴尔克・施特略夫,漂亮但爱慕虚荣的女性
云边有个小卖部,关于《云边有个小卖部》这本小说，刘十三与程霜的关系最初是什么？,情侣关系,朋友关系,兄妹关系,合作关系
长日将尽,关于《长日将尽》这本小说，史蒂文斯与肯顿小姐的关系是什么？,兄妹关系,情侣关系,同事关系,竞争关系
长日将尽,关于《长日将尽》这本小说，史蒂文斯对肯顿小姐的感情如何？,压抑和忽视,热烈追求,公开表白,冷漠无情
追风筝的人,关于《追风筝的人》这本小说，阿米尔和哈桑是什么关系？,他们是亲兄弟,他们是同学,哈桑是阿米尔的仆人的儿子,阿米尔是哈桑的兄弟
追风筝的人,关于《追风筝的人》这本小说，拉辛汗在阿米尔的生活中扮演什么角色？,爸爸的挚友,阿米尔的老师,敌人,妻子
最好的我们,关于《最好的我们》这本小说，耿耿和余淮的关系是？,兄妹,情侣,同桌,亲戚
最好的我们,关于《最好的我们》这本小说，蒋年年与耿耿的关系是？,同桌,亲戚,闺蜜,兄弟姐妹
最好的我们,关于《最好的我们》这本小说，路星河对耿耿的态度是？,追求猛烈,冷漠疏远,鼓励支持,无所作为
我的天才女友,关于《我的天才女友》这本小说，谁是莉拉的兄长？,埃莱娜,里诺,阿奇勒,尼诺
受戒,关于《受戒》这本小说，荸荠庵中的舅舅是谁？,大英子,小英子,仁山,明海的父亲
梦里花落知多少,关于《梦里花落知多少》这本小说，林岚的好友是谁？,闻婧,白松,姚姗姗,火柴
骆驼祥子,关于《骆驼祥子》这本小说，祥子的婚姻关系中，与哪位女性发生了畸形婚姻？,小福子,虎妞,农村姑娘,隔壁老王的女儿
鹿鼎记,关于《鹿鼎记》这本小说，主人公韦小宝的母亲是谁？,阿珂,阿珠,韦春花,小桂子
鹿鼎记,关于《鹿鼎记》这本小说，在故事中，韦小宝的红颜知己是谁？,阿珂,阿宝,阿二,双儿
雷雨,关于《雷雨》这本小说，剧中人物周朴园与侍萍的关系是：,兄妹关系,夫妻关系,父女关系,叔侄关系
雷雨,关于《雷雨》这本小说，剧中周朴园与周冲的关系是：,父子关系,兄弟关系,叔侄关系,无关系
海的女儿,关于《海的女儿》这本小说，小人鱼对王子产生了什么感情？,恐惧和不安,厌恶和憎恨,吸引和倾慕,冷漠和疏远
房思琪的初恋乐园,关于《房思琪的初恋乐园》这本小说，房思琪和怡婷的关系可以描述为？,母女关系,邻居关系,同学关系,好友关系
房思琪的初恋乐园,关于《房思琪的初恋乐园》这本小说，怡婷对思琪的感情主要体现为？,嫉妒和敌意,爱慕和疼爱,同情和理解,冷漠和疏远
房思琪的初恋乐园,关于《房思琪的初恋乐园》这本小说，思琪最初对李国华的印象是怎样的？,令人生畏且不可接近,知识渊博且严肃认真,友善和慈爱的人格,表面和善实则狡诈
窗边的小豆豆,关于《窗边的小豆豆》这本小说，小豆豆与小林校长的关系是？,同学,校长与学生,姐弟,朋友
草房子,关于《草房子》这本小说，桑桑与哪些孩子一起度过了他六年的小学生活？,秃鹤、杜小康、蒋一轮,秃鹤、杜小康、细马,杜小康、细马、纸月,秃鹤、细马、纸月
草房子,关于《草房子》这本小说，哪位老师对桑桑产生了深刻影响？,蒋一轮,杜小康,白雀,秃鹤
边城,关于《边城》这本小说，主人公翠翠的爷爷是谁？,顺顺,天保,老船夫,杨马兵
白鹿原,关于《白鹿原》这本小说，鹿三与田小娥的关系可以被描述为？,夫妻关系,兄妹关系,主仆关系,情人关系
白鹿原,关于《白鹿原》这本小说，白嘉轩与白灵的关系可以被描述为？,父女关系,姐弟关系,夫妻关系,兄妹关系
霸王别姬,关于《霸王别姬》这本小说，蝶衣与小石头的关系是？,兄弟关系,师兄弟关系,父子关系,朋友关系
霸王别姬,关于《霸王别姬》这本小说，菊仙与小楼的关系是？,兄弟关系,夫妻关系,姐弟关系,同事关系
霸王别姬,关于《霸王别姬》这本小说，段小楼对蝶衣的感情是？,委屈和失望,愧疚和内疚,爱慕和依恋,冷漠和疏远
2001：太空漫游,关于《2001：太空漫游》这本小说，HAL9000的创造者是谁？,钱德拉博士,大卫・鲍曼,弗兰克・波尔,亨德里克・史密斯
2001：太空漫游,关于《2001：太空漫游》这本小说，卫星号飞船船长大卫・鲍曼和谁不在人工冬眠？,弗兰克・波尔,法兰克・普尔,弗兰西娜・奇内利,亚历克斯・卡特
水浒传,关于《水浒传》这本小说，宋江别称是什么,及时雨,豹子头,黑旋风,母夜叉
受戒,关于《受戒》这本小说，小说中明海是什么身份,和尚,道士,尼姑,神仙
金色梦乡,关于《金色梦乡》这本小说，小说中青柳雅春一开始是什么职务,快递员,清洁工,收银员,律师
故事,关于《故事》这本小说，《故事》集结了罗伯特麦基多少年的授课经验,10年,20年,30年,40年
霸王别姬,关于《霸王别姬》这本小说，程蝶衣的昵称是什么？,小石头,小豆子,小黑米,小红豆
强风吹拂,关于《强风吹拂》这本小说，小说中长跑队队长是谁,清濑灰二,城太郎,藏原走,杉山高志
无人生还,关于《无人生还》这本小说，谁是凶手？,女教师,退休法官,将军,医生
尼罗河上的惨案,关于《尼罗河上的惨案》这本小说，凶手是谁？,杰奎琳,林内特,西蒙,杰奎琳和西蒙
骆驼祥子,关于《骆驼祥子》这本小说，祥子在小说中是什么身份,银行家,人力车夫,教师,学生
天龙八部,关于《天龙八部》这本小说，小说中镇南王之子是谁,段誉,鸠摩智,乔峰,阿朱
雪山飞狐,关于《雪山飞狐》这本小说，小说中胡一刀的儿子叫什么名字,胡斐,胡歌,胡日天,胡思
笑傲江湖,关于《笑傲江湖》这本小说，小说中华山派大弟子是谁,张无忌,令狐冲,欧阳锋,杨康
神雕侠侣,关于《神雕侠侣》这本小说，杨过为什么是独臂,为了救郭襄而丧失,被郭芙砍断的,和金轮国师打斗时被斩断,为了解毒而自己斩断
小王子,关于《小王子》这本小说，小王子拜访的第二个星球住着？,漂亮的人,酒鬼,扳道工,虚荣的人
水浒传,关于《水浒传》这本小说，小说中林冲的称号是,豹子头,及时雨,浪里白条,智多星
教父,关于《教父》这本小说，麦可是什么家族的人,柯里昂家族人,密西西比家族人,贫民窟家族人,斯蒂芬家族人
梦里花落知多少,关于《梦里花落知多少》这本小说，小说主人公是什么身份,即将走出校门的大学生,刚刚毕业的大学生,刚上大学的大学生,大学毕业多年的职场人员
少年凯歌,关于《少年凯歌》这本小说，小说主要是陈凯歌在什么时候的回忆,文革,改革开放,第二次工业革命,鸦片战争
遥远的向日葵地,关于《遥远的向日葵地》这本小说，书中刻画了作者母亲和人民的什么品格,坚韧辛劳,乐于助人,勤奋好学,斤斤计较
我的天才女友,关于《我的天才女友》这本小说，两个女主人公一起成长在哪个地方的一个社区,那不勒斯,格林,塞纳,西伯利亚
冰与火之歌,关于《冰与火之歌》这本小说，史塔克家族的族徽是什么？,狮子,鹰,冰原狼,火龙
杀死一只知更鸟,关于《杀死一只知更鸟》这本小说，知更鸟隐喻了什么？,深厚的情谊,纯粹的爱,善良的人,不灭的希望
德米安,关于《德米安》这本小说，小说中埃米尔辛克莱在谁的影响下才走向成熟,威廉斯通纳,哥白尼,德米安,史密斯
不能承受的生命之轻,关于《不能承受的生命之轻》这本小说，小说主人公托马斯是什么职业,外科医生,律师,教师,商人
强风吹拂,关于《强风吹拂》这本小说，小时候被大人称为神童的是谁,城太郎,杉山高志,清濑灰二,藏原走
哈利波特,关于《哈利波特》这本小说，哈利波特的魔杖是什么制成的？,黑胡桃木,冬青木,黄花梨,樱桃木
三体,关于《三体》这本小说，为什么汪淼能看见倒计时？,他有眼疾,他的幻觉,恐吓人类,相机问题
西线无战事,关于《西线无战事》这本小说，小说使用了第几人称的叙事手法,第一人称,第二人称,第三人称,第四人称
雷雨,关于《雷雨》这本小说，小说中伪善的大资本家是谁,鲁大海,周朴园,鲁四凤,周萍
长安的荔枝,关于《长安的荔枝》这本小说，李善德最终选择离开官场体现他什么性格,贪婪,胆怯,易怒,善良
红楼梦,关于《红楼梦》这本小说，“一双丹凤三角眼，两弯柳叶吊梢眉，身量苗条，体格风骚”说的是谁？,薛宝钗,林黛玉,王熙凤,晴雯
水浒传,关于《水浒传》这本小说，小说中经历风雪山神庙的主角是谁,林冲,鲁智深,宋江,卢俊义
窗边的小豆豆,关于《窗边的小豆豆》这本小说，小说描述的是小豆豆什么时候的故事,工作时,上学时,游泳时,旅游时
梦里花落知多少,关于《梦里花落知多少》这本小说，小说中闻婧是一个什么性格的人,任性,活泼,老实,听话
少年凯歌,关于《少年凯歌》这本小说，小说中能体现出作者的少年时期在当时什么样的情绪,无奈恐惧,乐观上进,开心活泼,满足当下
海的女儿,关于《海的女儿》这本小说，作家讴歌了小人鱼对什么的追求,爱情,灵魂,理想,以上都是
月亮与六便士,关于《月亮与六便士》这本小说，主人公离开家时正处于什么年纪？,20,30,40,50
德米安,关于《德米安》这本小说，小说中德米安的母亲叫什么名字,艾娃夫人,维利亚,鲁西,娜塔莎
球状闪电,关于《球状闪电》这本小说，陈博士长大后爱上了什么学科,物理学,数学,英语,历史
霸王别姬,关于《霸王别姬》这本小说，小说中抽大烟的是谁,程蝶衣,菊仙,陈凯歌,张国荣
强风吹拂,关于《强风吹拂》这本小说，小说中谁不善言辞，容易封闭自己的内心,藏原走,城太郎,清濑灰二,城次郎
2001：太空漫游,关于《2001：太空漫游》这本小说，小说中超级电脑名字是什么,哈尔,贾维斯,迈哈密,科斯特
红楼梦,关于《红楼梦》这本小说，下列《红楼梦》中判词和所判之人物对应错误的一项是,才自清明志自高，生于末世运偏消。清明涕泣江边望，千里东风一梦遥。――贾惜春,凡鸟偏从末世来，都知爱慕此生才。一从二令三人木，哭向金陵事更哀。――王熙凤,桃李春风结子完，到头谁似一盆兰。如冰水好空相妒，枉与他人作笑谈。――李纨,根并荷花一茎香，平生遭际实堪伤。自从两地生孤木，致使香魂返故乡。――香菱
香水,关于《香水》这本小说，对什么的追求导致男主人公如此极端？,气味,触感,美感,声音
恶意,关于《恶意》这本小说，凶手是谁？,日高邦彦,日高初美,野野口修,加贺恭一郎
射雕英雄传,关于《射雕英雄传》这本小说，小说中“东邪西毒”中的“东邪”是谁,欧阳德,黄药师,洪七公,郭靖
雪山飞狐,关于《雪山飞狐》这本小说，苗人凤女儿叫什么名字,苗疆,苗若兰,苗玉兰,苗若水
倚天屠龙记,关于《倚天屠龙记》这本小说，张无忌机缘巧合下练成了乾坤大挪移和什么神功,降龙十八掌,九阴真经,九阳神功,九阴白骨掌
水浒传,关于《水浒传》这本小说，小说中绰号九纹龙的是,柴进,史进,鲁智深,燕青
傲慢与偏见,关于《傲慢与偏见》这本小说，达西先生的性格特点是什么？,善良,傲慢,无情,冷酷
傲慢与偏见,关于《傲慢与偏见》这本小说，伊丽莎白・班奈特的性格特点,天真、幼稚,聪明、独立,懦弱、依赖，,冷漠、不关心他人
百年孤独,关于《百年孤独》这本小说，在小说中，乌尔苏拉・伊瓜兰如何体现母性的特质？,通过自我牺牲,通过冷酷无情,通过领导能力,通过激情表达
百年孤独,关于《百年孤独》这本小说，老波恩地亚的个性特征是什么？,强势、冷酷,狡猾、热情,忍耐、善良,飘忽、浮躁
悲惨世界,关于《悲惨世界》这本小说，谁在故事中展现了最大的善良和慈善？,珂赛特,冉阿让,马吕斯,伽弗洛什
悲惨世界,关于《悲惨世界》这本小说，冉阿让在碉堡中的行为反映了他什么价值观？,坚守正义,追求财富,逃避责任,寻找权力
冰与火之歌,关于《冰与火之歌》这本小说，劳勃・拜拉席恩为何获得“弑君者”的外号？,因其残暴的统治方式,因他杀害了伊里斯二世,因他反叛了伊里斯二世,因他是瓦雷利亚自由堡的国王
不能承受的生命之轻,关于《不能承受的生命之轻》这本小说，哪个角色强调她不是反共，而是反对媚俗？,托马斯,特瑞莎,萨宾娜,弗兰茨
灿烂千阳,关于《灿烂千阳》这本小说，小说中的拉希德是一个什么样的角色,富商而宽厚的丈夫,年轻的情人,严厉的鳏夫,亲切的邻居
德米安,关于《德米安》这本小说，埃米尔・辛克莱在成长过程中表现出的主要情绪是：,狂喜和冷漠,悲愁和孤独,喜悦和满足,平静和安宁
德米安,关于《德米安》这本小说，作者运用的叙述方式强调了主人公的：,外貌和社会地位,意识和情感世界,家庭背景和学业成就,物质生活和财富状况
德米安,关于《德米安》这本小说，故事中的主人公埃米尔・辛克莱在成长过程中受到的主要影响是：,朋友和同龄人,学校和老师,家庭和社会,书籍和学术
东方快车谋杀案,关于《东方快车谋杀案》这本小说，主要角色赫丘勒・白罗是什么身份？,侦探,医生,司机,商人
弗兰肯斯坦,关于《弗兰肯斯坦》这本小说，怪物被描述为什么样的外貌特征？,强壮又高大,带有许多疤痕,脸色红润,眉毛很长
弗兰肯斯坦,关于《弗兰肯斯坦》这本小说，小说中的怪物在面对社会和人类的时候表现出什么特点？,急躁和好战,温和且有善良之心,阴险且狡诈,胆怯和退缩
红楼梦,关于《红楼梦》这本小说，贾府中的哪位人物被认为含有通灵宝玉（补天顽石）,贾母,贾政,宝玉,黛玉
红楼梦,关于《红楼梦》这本小说，谁被形容为“刚烈”的人物？,黛玉,薛虬,尤三姐,薛蟠
红楼梦,关于《红楼梦》这本小说，谁是被描述为“焚烧诗稿”的人物？,黛玉,薛宝钗,贾宝玉,贾宝玉
红楼梦,关于《红楼梦》这本小说，谁是被描述为“焚烧诗稿”的人物？,黛玉,薛宝钗,贾宝玉,袭人
荒原狼,关于《荒原狼》这本小说，哈瑞・黑勒在小说中被描述为哪两种截然不同的人格？,良好教育的知识份子与冲动孤僻的荒原狼,良好教育的知识份子与冲动孤僻的荒原狼,爱与仇恨的黑勒,感性与理性的黑勒
荒原狼,关于《荒原狼》这本小说，赫尔米娜在小说中扮演了什么样的角色,人物阿尼玛,战争的象征,哈瑞的心理医生,他的妻子
活着,关于《活着》这本小说，徐福贵的大女儿徐凤霞在小说中与哪位人物建立了婚姻关系,二喜,有庆,三喜,苦根
活着,关于《活着》这本小说，徐福贵的性格特点主要表现为什么？,乐观豁达,贪婪自私,善良宽厚,英勇坚韧
活着,关于《活着》这本小说，徐福贵的人生轨迹最初是什么样的？,富裕奢华,贫寒潦倒,艰苦奋斗,神秘莫测
叫魂,关于《叫魂》这本小说，乾隆皇帝对妖术事件的处理体现了他怎样的性格特点？,慎重谨慎,轻信谣言,仁慈宽厚,冷酷无情
叫魂,关于《叫魂》这本小说，中国妖术大恐慌中，百姓对妖术的反应如何？,盲目追随,极度恐慌,质疑并寻求解释,警惕但不恐慌
教父,关于《教父》这本小说，麦可・柯里昂的个性特征是什么？,谨慎、冷静、聪明,粗暴、冲动、狡诈,忍让、慷慨、宽容,顽固、短视、狡猾
教父,关于《教父》这本小说，麦可・柯里昂投笔从戎成为哪个组织的成员？,美军,警察局,黑手党,政府特工
解忧杂货店,关于《解忧杂货店》这本小说，月亮兔的身份是？,体育教练,乐队成员,酒家女,运动员
金色梦乡,关于《金色梦乡》这本小说，对于青柳雅春的描写中，哪一项表现了他的勇敢和善良？,救出人气偶像凛香,被骚扰而辞职,被森田告知险情并开始逃亡,喜欢uL泛团头四的音乐
绝叫,关于《绝叫》这本小说，神代武的性格特点如何描述？,仁慈和善良,险恶和邪恶,美好而谦逊,警觉而机智
绝叫,关于《绝叫》这本小说，奥贯绫乃的性格特点是什么？,懦弱和优柔寡断,勇敢和聪明,善良而顽强,虚伪而狡猾
了不起的盖茨比,关于《了不起的盖茨比》这本小说，故事的叙述人尼克・卡拉威是哪个大学的毕业生？,耶鲁大学,普林斯顿大学,哈佛大学,斯坦福大学
了不起的盖茨比,关于《了不起的盖茨比》这本小说，黛西・布卡南的丈夫汤姆・布坎南是哪个大学的前橄榄球明星？,耶鲁大学,哈佛大学,普林斯顿大学,宾夕法尼亚大学
了不起的盖茨比,关于《了不起的盖茨比》这本小说，哪位角色在故事中是一个充满魅力的青年高尔夫球手？,尼克・卡拉威,杰・盖茨比,乔丹・贝克,梅耶・沃尔夫西恩
亮剑,关于《亮剑》这本小说，赵刚在小说中展现了怎样的特质？,勇敢和果断,谨慎和保守,无所畏惧和无畏,犹豫不决和软弱
亮剑,关于《亮剑》这本小说，楚云飞在小说中的立场是？,支持中国共产党,中立不参与,反对中国共产党,取决于情况
麦琪的礼物,关于《麦琪的礼物》这本小说，麦琪在故事中的角色特点是什么？,天真可爱,善解人意,愚蠢愚笨,狡诈狡猾
麦琪的礼物,关于《麦琪的礼物》这本小说，故事中麦琪丈夫的性格是什么样的?,慷慨大方,冷漠无情,善解人意,自私自利
美丽新世界,关于《美丽新世界》这本小说，人们的社会地位根据什么来划分？,宗教信仰,财富,种姓和阶级,教育水平
美丽新世界,关于《美丽新世界》这本小说，野蛮人约翰之所以受到城市人的排挤，主要是因为他的什么特点？,高智商,体力强壮,强烈的情感和思想,金发和蓝眼睛
美丽新世界,关于《美丽新世界》这本小说，约翰的文化影响主要来自哪位文学家的作品？,威廉・莎士比亚,查尔斯・狄更斯,乔治・奥威尔,简・奥斯汀
面纱,关于《面纱》这本小说，KittyFane的性格特点是什么？,善良和慈善,独立和果断,虚荣和浮躁,冷静和理性
尼罗河上的惨案,关于《尼罗河上的惨案》这本小说，谁是真正的幕后黑手，在犯罪行为中扮演了关键角色？,瑞提先生,波洛,贝斯奈医生,杰奎琳・贝尔福
尼罗河上的惨案,关于《尼罗河上的惨案》这本小说，谁最终成为了本故事的幕后黑手？,杰奎琳・贝尔福,西蒙・道尔,贝斯奈医生,瑞提先生
尼罗河上的惨案,关于《尼罗河上的惨案》这本小说，谁实际上是变装的英国贵族，企图勒索嫌疑犯？,吉姆・费松,瑞提先生,佛格森,提姆・艾乐顿
强风吹拂,关于《强风吹拂》这本小说，穆萨・卡马拉是哪个国家的留学生？,日本,中国,美国,坦桑尼亚
强风吹拂,关于《强风吹拂》这本小说，神童／杉山高志的老家在哪里？,东京,京都,山形县,静冈
倾城之恋,关于《倾城之恋》这本小说，白流苏在故事中是一个什么样的人？,乐观向上,失望绝望,坚定自信,冷漠超然
倾城之恋,关于《倾城之恋》这本小说，范柳原在故事中是一个怎样的人？,慷慨大方,心计多端,善解人意,直言不讳
倾城之恋,关于《倾城之恋》这本小说，白流苏的性格特点是？,懦弱退缩,勇敢坚定,多疑怀疑,轻浮放荡
情书,关于《情书》这本小说，男藤井树是一个怎样的人？,活泼和外向,冷静和理性,羞涩和内向,精明和果断
球状闪电,关于《球状闪电》这本小说，陈博士考入大学后主修的专业是什么？,物理学,大气科学,化学,数学
球状闪电,关于《球状闪电》这本小说，结束战争后，主角陈博士从事了什么研究？,空间科学,大气和龙卷风研究,生物学研究,核物理学
杀死一只知更鸟,关于《杀死一只知更鸟》这本小说，哪个角色象征了人类的罪恶对公义与善良的威胁？,斯各特・芬奇,阿提克斯・芬奇,汤姆・鲁滨逊,亚瑟・拉德力
杀死一只知更鸟,关于《杀死一只知更鸟》这本小说，哪位角色是梅康镇的警长？,阿提克斯・芬奇,亚瑟・拉德力,鲍伯・艾薇,斯各特・芬奇
杀死一只知更鸟,关于《杀死一只知更鸟》这本小说，哪位角色在故事中是道德正义的化身，也是一位律师？,斯各特・芬奇,亚瑟・拉德力,阿提克斯・芬奇,梅薏拉・尤厄尔
杀死一只知更鸟,关于《杀死一只知更鸟》这本小说，布・拉德力是怎样的人物形象？,友善但羞怯,英勇而富有正义感,世故而阴险,冷漠而自私
射雕英雄传,关于《射雕英雄传》这本小说，郭靖的成长过程中受到了哪位人物的严格督促和传授武功？,洪七公,黄药师,丘处机,欧阳锋
射雕英雄传,关于《射雕英雄传》这本小说，丘处机是以怎样的形象出现在故事中的？,聪明机敏、正直善良,冷酷狡诈、自私自利,忠诚勇敢、果断坚定,胆小怕事、善良宽厚
神雕侠侣,关于《神雕侠侣》这本小说，公孙止被塑造成怎样的角色？,慈父悲情,邪恶狡诈,正义勇敢,无情无义
神雕侠侣,关于《神雕侠侣》这本小说，小龙女的形象如何展现她的勇敢和坚定？,对抗金轮国师,保护郭襄,救援杨过,击败全真五子
鼠疫,关于《鼠疫》这本小说，百姓在瘟疫期间的行为特点是什么？,无私奉献,恐慌无助、自私贪婪,积极向政府寻求帮助,主动参与救援行动
树上的男爵,关于《树上的男爵》这本小说，彼亚哥・皮奥瓦斯科・迪・隆多是个怎样的人？,善良而果断,狡诈而野心勃勃,中性且消极,活泼而好奇
树上的男爵,关于《树上的男爵》这本小说，薇莪拉的行为体现了她对何种价值的追求？,社会地位和财富,真爱和自由,权力和权威,家庭和责任
水浒传,关于《水浒传》这本小说，史进的形象是什么？,仁爱宽厚,机智狡诈,勇敢果断,忠诚奉献
水浒传,关于《水浒传》这本小说，武松的性格特点主要体现在哪方面？,仁义勇敢,阴险狡猾,胆小怯懦,诚实宽厚
水浒传,关于《水浒传》这本小说，双鞭将呼延灼在战斗中展现了怎样的勇敢品质？,忧国忧民，勇敢坚持,懦弱逃避，不敢迎战,谋略周密，出奇制胜,勇猛无畏，奋勇杀敌
四世同堂,关于《四世同堂》这本小说，祁瑞宣的妻子被称为什么名字？,小顺儿的妈,天佑太太,韵梅,小崔
四世同堂,关于《四世同堂》这本小说，钱默吟是哪一家的人？,祁家,李家,冠家,钱家
四世同堂,关于《四世同堂》这本小说，冠晓荷的职业是什么,老师,官员,商人,农民
四世同堂,关于《四世同堂》这本小说，祁老人哪一家的大家长？,祁家,李家,钱家,冠家
四世同堂,关于《四世同堂》这本小说，哪位人物是被描述为急公好义的老好人,李四爷,钱默吟,冠晓荷,祁老人
苏菲的世界,关于《苏菲的世界》这本小说，亚伯特对苏菲有通过什么产生影响？,通过他的神秘形象,通过他的父爱和指导,通过他的友好举止,通过他的世界观和哲学知识传授
围城,关于《围城》这本小说，方鸿渐在哪个报馆任职？,上海日报,北京晨报,南京报社,广州晚报
天龙八部,关于《天龙八部》这本小说，乔o的外貌如何？,剑眉星目，英俊潇洒,一张国字脸，顾盼之际威势非凡,红润圆满的脸庞，鼻孔高翻,粗壮的身材，留着长发
天龙八部,关于《天龙八部》这本小说，虚竹的性格特点是什么？,聪慧多才，善于言辞,外向开朗，富有幽默感,木讷老实，不善词令,冷静果断，善于决断
西线无战事,关于《西线无战事》这本小说，保罗・博伊默尔对战争的态度如何？,充满憎恨和愤怒,肆意嘲讽和讥讽,麻木和厌战,热衷参与并享受战争
西线无战事,关于《西线无战事》这本小说，在战争中，保罗・博伊默尔的人性逐渐变得怎样？,冷酷无情,善良慈悲,苛刻苦痛,乐观积极
西游记,关于《西游记》这本小说，猪八戒的性格特点是什么？,愚蠢而勇敢,聪明而忠诚,贪吃而好色,沉默而勤奋
西游记,关于《西游记》这本小说，沙悟净的特点可以概括为？,粗心而懒惰,聪明而憨厚,沉默而勤奋,胆小而狡猾
嫌疑人X的献身,关于《嫌疑人X的献身》这本小说，富?慎二的角色被描述为令人厌憎的前夫，为什么要这样塑造？,突显他的道德品质,强调他与其他角色的矛盾,凸显他的聪明才智,表现他的慈爱和关怀
嫌疑人X的献身,关于《嫌疑人X的献身》这本小说，石神的职业是？,物理学家,律师,警官,数学家
嫌疑人X的献身,关于《嫌疑人X的献身》这本小说，石神对犯罪案件的干预方式体现了他的什么特质？,冷酷无情,智慧创意,依法办事,依法办事
香水,关于《香水》这本小说，小说中格勒努耶的嗅觉能力如何影响了他的生活和行为？,使他成为杀手,增强了他的社交能力,让他成为一名作家,使他成为医生
香水,关于《香水》这本小说，格勒努耶的早年经历如何影响了他的个性和行为？,使他变得勇敢和果断,使他变得憎恨社会,使他变得善良和慈爱,使他变得顽强和乐观
香水,关于《香水》这本小说，格勒努耶患有的疾病如何影响了他的生活和选择？,使他变得孤僻和抑郁,使他更加勇敢和决断,使他放弃追求气味的目标,使他变得懦弱和消极
象棋的故事,关于《象棋的故事》这本小说，船夫的儿子被谁养育成了象棋世界冠军？,神秘的B博士,船夫,“我”,德国法西斯
象棋的故事,关于《象棋的故事》这本小说，作者如何刻画了船夫的儿子的人物特征？,聪明但固执,懦弱且消极,天赋异禀且谦虚,疯狂而叛逆
小王子,关于《小王子》这本小说，地理学家的形象如何描绘？,心胸开阔、善于倾听,追求财富、功利心强,富有幽默感、爱思考,富有同情心、友善
小王子,关于《小王子》这本小说，小王子对酒鬼这个角色的评价是：,善良而真诚,自私且沉迷于酒,睿智而善解人意,忠诚而友好
肖申克的救赎,关于《肖申克的救赎》这本小说，安迪・杜弗伦的人物塑造主要突出了哪些特征？,聪明、勇敢和怀有复仇心态,忍耐、智慧和善良,世故、狡猾和野心勃勃,冷酷、无情和阴险
肖申克的救赎,关于《肖申克的救赎》这本小说，安迪・杜弗伦对瑞德的影响，使得他变成什么样？,挫折与厌世,勇气与改变,懈怠与消沉,谎言与欺骗
肖申克的救赎,关于《肖申克的救赎》这本小说，故事中的情节分析表明了安迪・杜弗伦的什么特点？,才智和计划性,暴力和报复心态,逆境下的顽强,狡诈和欺骗手段
笑傲江湖,关于《笑傲江湖》这本小说，林平之实际上是什么身份？,岳不群的亲生儿子,岳不群的义子,岳不群的弟子,岳不群的秘密刺客
笑傲江湖,关于《笑傲江湖》这本小说，令狐冲的性格特点如何描述？,令狐冲的性格特点如何描述？,善良正直，但性格孤僻。,狡黠机智，但缺乏勇气。,喜欢捣蛋，但不擅长武功。
雪山飞狐,关于《雪山飞狐》这本小说，胡斐的武器是什么？,剑,刀,枪,钺
一个叫欧维的男人决定去死,关于《一个叫欧维的男人决定去死》这本小说，索尼娅对欧维的影响主要体现在哪个方面？,欧维工作态度的改变,欧维对社区的投入,欧维对人生的态度,欧维与猫建立感情
一个陌生女人的来信,关于《一个陌生女人的来信》这本小说，维也纳女子的性格特点是什么？,善解人意,自卑而坚强,自负自大,冷漠无情
一句顶一万句,关于《一句顶一万句》这本小说，吴摩西的性格特点是？,善良而坚强,冷漠而无情,犹豫而优柔,胆怯而低自尊
一桩事先张扬的凶杀案,关于《一桩事先张扬的凶杀案》这本小说，新娘的两个哥哥对凶案的发生起到了什么作用？,谋划实施杀害,警告圣地亚哥・纳萨尔,保护圣地亚哥・纳萨尔,协助调查真相
一桩事先张扬的凶杀案,关于《一桩事先张扬的凶杀案》这本小说，圣地亚哥・纳萨尔被描述为怎样的人物？,心狠手辣、阴险狡诈,善良慷慨、有责任心,狡猾狂妄、不择手段,冷漠无情、冷酷无比
一桩事先张扬的凶杀案,关于《一桩事先张扬的凶杀案》这本小说，圣地亚哥・纳萨尔的个性特点是什么？,骄傲自大、冷漠无情,温和善良,理智果断,消极顺从
倚天屠龙记,关于《倚天屠龙记》这本小说，张君宝最终成为哪一派的武功创始人？,少林寺,武当派,峨眉派,丐帮
倚天屠龙记,关于《倚天屠龙记》这本小说，谢逊最初是哪个教派的成员？,少林寺,武当派,天鹰教,峨眉派
倚天屠龙记,关于《倚天屠龙记》这本小说，哪位武林高手成为明教的教主？,张无忌,赵敏,张翠山,朱元璋
月亮与六便士,关于《月亮与六便士》这本小说，思特里克兰德最终选择放弃事业和家庭，专注于绘画。这种行为表现出他的哪种特质？,冒险精神,不负责任,忧郁,理想主义
云边有个小卖部,关于《云边有个小卖部》这本小说，刘十三的性格特点是什么？,乖巧,坚韧,颓废,懦弱
长安的荔枝,关于《长安的荔枝》这本小说，李善德是一个什么官职的小吏？,五品小吏,九品小吏,三品小吏,六品小吏
长安的荔枝,关于《长安的荔枝》这本小说，通过描述荔枝运输的艰辛描绘了一种什么样的人物品格？,勇敢拼搏,胆怯逃避,顺从妥协,抱怨抗议
长日将尽,关于《长日将尽》这本小说，史蒂文斯是一位典型的什么样的男管家？,慈爱温和、真诚待人,冷漠无情、曲意逢迎、造作虚伪,勇敢果断、刚正不阿,外向活泼、开朗豁达
长日将尽,关于《长日将尽》这本小说，史蒂文斯对自己的服务态度认为什么是最重要的？,创新和进取,效忠主人、恪尽职守,扩大自己的影响范围,追求个人幸福
长日将尽,关于《长日将尽》这本小说，史蒂文斯眼中达林顿勋爵是什么样的人？,平凡普通的绅士,善良友善的领袖,影响世界进程的伟人,冷漠高傲的富豪
最好的我们,关于《最好的我们》这本小说，耿耿刚进入振华高中时对生活的态度是？,兴奋和乐观,沮丧和抵触,冷漠和淡然,疑惑和迷茫
最好的我们,关于《最好的我们》这本小说，以下哪种情况最能体现余淮的性格特点？,主动帮助同学解答问题,整天沉迷游戏不愿学习,因为小事和同学起争执,远离班级人际关系，独自思考
罪与罚,关于《罪与罚》这本小说，拉斯柯尔尼科夫的性格是怎样的？,慷慨宽厚,反社会,聪明机智,贪婪自私
无人生还,关于《无人生还》这本小说，谁是法官马尔斯顿伪装成的？,埃米莉・卡罗琳・布伦特,托马斯・罗杰斯,菲利普・隆巴德,埃塞尔・罗杰斯
我的天才女友,关于《我的天才女友》这本小说，莉拉的天赋和决断力如何被描绘？,莉拉在学校表现出色，但缺乏决断力,莉拉的天赋只体现在学术方面,莉拉天资聪颖，敢于挑战困难和恃强凌弱,莉拉害怕面对挑战，避免冲突
受戒,关于《受戒》这本小说，明海将来可能担任的职位是？,大英子,沙弥尾,方丈,仁山的助手
梦里花落知多少,关于《梦里花落知多少》这本小说，如何描述林岚的个性特点和行为？,开朗豁达，乐观面对爱情,保守内向，行事谨慎,狡猾矫情，常欺骗朋友,冷漠理性，很少表达感情
骆驼祥子,关于《骆驼祥子》这本小说，祥子最初来到城市时的人物特征主要包括哪些？,勇敢、果断、富有野心,善良、纯朴、勤劳,冷酷、无情、狡猾,懒惰、贪婪、自私
鹿鼎记,关于《鹿鼎记》这本小说，在故事中，韦小宝为了感激茅十八而前往京城，此举展现了他的什么特质？,勇敢和冒险,谦恭和礼貌,忠诚和奉献,机智和狡猾
鹿鼎记,关于《鹿鼎记》这本小说，韦小宝被封为远东伯爵，这反映了他的什么特质？,忠诚,智慧,勇敢,礼貌
呼兰河传,关于《呼兰河传》这本小说，有二伯在《呼兰河传》中扮演的角色是什么样的？,灰色人物，内外矛盾突出,善良而怜悯的人,受人敬爱，社会地位高,反叛者，追求自由
呼兰河传,关于《呼兰河传》这本小说，作者通过描写小团圆媳妇展现了哪些特征？,悲悯命运、沉默,积极向上、善良,机智、勇敢,乐观、开朗
海的女儿,关于《海的女儿》这本小说，小人鱼的特点是？,善良纯洁，美丽动听,虚荣爱慕，聪明多才,勇敢果断，冷酷无情,懦弱胆怯，胆小如鼠
房思琪的初恋乐园,关于《房思琪的初恋乐园》这本小说，怡婷对李国华的看法主要是？,爱慕和崇拜,恐惧和厌恶,信任和依赖,同情和怜悯
窗边的小豆豆,关于《窗边的小豆豆》这本小说，小豆豆对校长的评价主要是？,严厉而公正,热心且理解,骄傲而无情,冷漠且苛刻
窗边的小豆豆,关于《窗边的小豆豆》这本小说，故事中“巴学园”的校长形象主要呈现了哪种特质？,善良和宽容,严格和冷酷,骄傲和无情,懒惰和不负责
窗边的小豆豆,关于《窗边的小豆豆》这本小说，小豆豆在新学校的适应过程中表现出的品质是？,勇敢和果断,谨慎和犹豫,自卑和退缩,无所作为和消极
白鹿原,关于《白鹿原》这本小说，黑娃的行为可以被描述为？,叛逆和不安分,忠诚和奉献,谨慎和冷静,忍让和体贴
白鹿原,关于《白鹿原》这本小说，小说中白孝文的塑造侧重于展现他的？,忠诚和责任心,胆小和怯懦,野心和冷酷,慷慨和善良
霸王别姬,关于《霸王别姬》这本小说，小豆子取艺名程蝶衣后的角色表演是？,生角,旦角,丑角,末角
霸王别姬,关于《霸王别姬》这本小说，蝶衣对小四的行为如何反应了他的性格特点？,善良和宽容,嫉妒和报复,坚持和勇敢,冷漠和无情
围城,关于《围城》这本小说，方鸿渐的性格被描述为具有哪些弱点？,狂妄自大，自吹自唱,忧虑过多，胆小怯懦,冷酷无情，高傲不屈,善解人意，勇往直前
鹿鼎记,关于《鹿鼎记》这本小说，该小说是什么类型的题材,武侠小说,玄幻小说,爱情小说,都市伦理小说
少年凯歌,关于《少年凯歌》这本小说，《少年凯歌》是什么类型的小说,自传体小说,编年体小说,玄幻小说,都市爱情小说
沉默的大多数,关于《沉默的大多数》这本小说，该书主要属于什么文学作品？,长篇小说,短篇小说,杂文散文,青春伤痛文学
球状闪电,关于《球状闪电》这本小说，该小说是属于什么题材的小说,玄幻小说,科幻小说,记实小说,都市言情
白夜行,关于《白夜行》这本小说，该小说属于什么题材？,玄幻小说,仙侠小说,悬疑小说,历史小说
围城,关于《围城》这本小说，该小说被誉为什么？,温暖而绝望之书,新儒林外史,中国首部意识小说,中国版廊桥遗梦
边城,关于《边城》这本小说，《边城》运用了什么创作方法？,现代主义,现实主义,表现主义,浪漫主义
陆犯焉识,关于《陆犯焉识》这本小说，该书属于什么类型的文学作品？,诗歌,长篇小说,散文,戏剧文学
故事,关于《故事》这本小说，主控思想是属于故事的哪一部分,灵魂,发动机,结尾,以上都是
解忧杂货店,关于《解忧杂货店》这本小说，该故事采用了什么的写作手法？,对比,倒叙,抒情,议论
鼠疫,关于《鼠疫》这本小说，该小说属于什么题材？,历史小说,悬疑小说,推理小说,讽刺小说
活着,关于《活着》这本小说，本书的叙事口吻是什么风格,毫不关心,嘲讽不屑,轻松幽默,惊讶可惜
弗兰肯斯坦,关于《弗兰肯斯坦》这本小说，本书的写作风格,幽默,悲痛,哥特式,清新
长安的荔枝,关于《长安的荔枝》这本小说，下列那句话体现书中对为官之道的描写,和光同尘，好处均沾，花花轿子众人抬,就算失败，我也想知道，自己倒在距离终点多远的地方,跳胡旋舞的要诀，不是随乐班而动，而是旋出自己的节奏。,有些冲动是苟且不了的，有些心思是藏不住的
百年孤独,关于《百年孤独》这本小说，被归类为哪种文学流派？,魔幻现实主义,现实主义,浪漫主义,古典主义
悲惨世界,关于《悲惨世界》这本小说，《悲惨世界》采用了哪种文学手法展示人性的复杂性？,叙述内疚,叙述内疚,反讽,象征主义
灿烂千阳,关于《灿烂千阳》这本小说，小说的文学风格以什么为主要特点？,悬疑与推理,社会写实,幻想与奇幻,历史叙事
德米安,关于《德米安》这本小说，埃米尔・辛克莱的成长历程是该小说的主要叙述内容，采用的叙述方式是什么？,第三人称视角,第一人称视角,第二人称视角,视角不固定
德米安,关于《德米安》这本小说，小说中采用了两条平行线索进行叙述，分别是：,小说中采用了两条平行线索进行叙述，分别是：,环境描写与情节发展,主人公家庭背景与成长经历,对外部世界的评价与描述
德米安,关于《德米安》这本小说，文学风格以什么为主要特征？,冷峻和超现实,浪漫主义和幻想,现实主义和客观,象征主义和抽象
恶意,关于《恶意》这本小说，本书的文学风格以何种方式展现？,叙述多角度,线性叙事,诗歌式描写,简洁明了
弗兰肯斯坦,关于《弗兰肯斯坦》这本小说，组合各种动植物的器官,浪漫主义小说,哥德小说,现实主义小说,古典文学
弗兰肯斯坦,关于《弗兰肯斯坦》这本小说，采用怎样的叙述方式,第一人称叙述,第三人称叙述,交错叙述,反转叙述
红楼梦,关于《红楼梦》这本小说，以下哪种文学手法在《红楼梦》中常见,叙事流畅,对话明了,唯美描写,实事求是
活着,关于《活着》这本小说，文学创作中所强调的思想主要体现在哪个方面,社会现实主义,生存哲学,浪漫主义,抒情主义
活着,关于《活着》这本小说，的文学风格主要以什么为特点？,现实主义描写,唯美抒情,魔幻写实,史诗叙事
叫魂,关于《叫魂》这本小说，以何种文学风格为主,叙事文学,科幻文学,学术论述,抒情诗歌
解忧杂货店,关于《解忧杂货店》这本小说，故事中哪种文学风格被广泛运用？,现实主义,象征主义,古典主义,浪漫主义
解忧杂货店,关于《解忧杂货店》这本小说，故事中通过怎样的手法展现了人与人之间的紧密关系？,叙述回忆,书信往来,时间穿越,梦幻描写
金色梦乡,关于《金色梦乡》这本小说，作品中引用了哪些披头四的歌曲作为标题或常见标语？,Help!、Come_Together,Let_It_Be、Yesterday,Imagine、Hey_Jude,Twist_and_Shout、All_You_Need_Is_Love
绝叫,关于《绝叫》这本小说，文学风格是什么？,犯罪写实主义,浪漫主义,超现实主义,古典主义
绝叫,关于《绝叫》这本小说，叙述方式和语言特点是什么？,第一人称叙述,第三人称叙述,多视角叙述,叙述者幽默风趣
麦琪的礼物,关于《麦琪的礼物》这本小说，故事中的情感描写采用了什么手法？,比喻,拟人,对比,叙述
面纱,关于《面纱》这本小说，威廉・索默赛特・毛姆的小说《面纱》以哪种文学风格著称？,浪漫主义,现实主义,超现实主义,印象主义
面纱,关于《面纱》这本小说，通过怎样的叙述手法展现故事？,第一人称叙述,第三人称叙述,独白叙述,反转叙述
尼罗河上的惨案,关于《尼罗河上的惨案》这本小说，尼罗河上的惨案的结局揭示了什么文学元素？,反讽,悬疑,讽刺,浪漫
孽子,关于《孽子》这本小说，被归类为哪种文学流派,现实主义,浪漫主义,象征主义,古典主义
平凡的世界（全三部）,关于《平凡的世界（全三部）》这本小说，该小说主要以何种文学风格进行描写？,现实主义,浪漫主义,奇幻文学,古典主义
强风吹拂,关于《强风吹拂》这本小说，文学风格主要是？,现实主义,浪漫主义,抒情主义,象征主义
倾城之恋,关于《倾城之恋》这本小说，文章的情感基调主要是什么？,浪漫,冷静,激情,悲凉
三体,关于《三体》这本小说，采用了哪种科幻元素作为基本设定？,时间穿越,平行宇宙,经典力学中的三体问题,超能力
杀死一只知更鸟,关于《杀死一只知更鸟》这本小说，梅冈城故事以哪位角色的视角来叙述？,杰姆・芬奇,丝考特・芬奇,汤姆・鲁滨逊,阿提克斯・芬奇
射雕英雄传,关于《射雕英雄传》这本小说，采用了哪种文学手法来展现郭靖的成长和奋斗历程？,讽刺,叙事,抒情,描述
神雕侠侣,关于《神雕侠侣》这本小说，作者通过何种手法展现杨过与小龙女的感情纠葛？,对话交流,心理描写,叙述时间流逝,情节对比
神雕侠侣,关于《神雕侠侣》这本小说，小说中采用哪种叙述手法展现杨过与小龙女的分离？,叙述回顾,内心独白,对话交流,第三人称
鼠疫,关于《鼠疫》这本小说，是哪种文学作品？,浪漫主义小说,现实主义小说,魔幻现实主义小说,古典小说
鼠疫,关于《鼠疫》这本小说，文学风格具有哪些特征？,浪漫主义,冷峻现实主义,奇幻写实,抒情主义
树上的男爵,关于《树上的男爵》这本小说，采用了什么样的文学风格来展现柯希莫的生活？,超现实主义,浪漫主义,现实主义,自然主义
水浒传,关于《水浒传》这本小说，所展现的文学风格主要包括？,浪漫主义和现实主义,古典主义和唯美主义,现代主义和超现实主义,现实主义和英雄主义
水浒传,关于《水浒传》这本小说，采用怎样的叙述方式来展现故事情节？,第一人称叙述,第二人称叙述,第三人称叙述,多角度交替叙述
苏菲的世界,关于《苏菲的世界》这本小说，《苏菲的世界》这本书的文学风格主要体现在？,对现实生活的详实描写,对哲学思想的创意表达,对历史事件的精准叙述,对心理状态的深刻分析
围城,关于《围城》这本小说，运用了哪种文学手法？,魔幻现实主义,浪漫主义,现实主义,抽象表现主义
天龙八部,关于《天龙八部》这本小说，采用了何种叙事手法,第一人称叙事,第三人称叙事,多视角叙事,叙述回溯手法
西线无战事,关于《西线无战事》这本小说，作者通过怎样的文学手法来描绘战争中士兵的生活？,抒情描写,冷静客观叙述,幽默夸张描述,超现实主义表现
西游记,关于《西游记》这本小说，开头诗中的“混沌未分天地乱”表现了哪种文学手法？,比喻,拟人,对偶,排比
西游记,关于《西游记》这本小说，采用的文学手法主要是？,叙述,描写,讽刺,抒情
西游记,关于《西游记》这本小说，采用怎样的语言风格来叙述悉达多的故事？,简练明了,冗长详细,抒情诗意,冷静客观
西游记,关于《西游记》这本小说，故事中的河流象征着什么？,生命的轮回,社会变革,时间的流逝,人与自然和谐共生
嫌疑人X的献身,关于《嫌疑人X的献身》这本小说，故事主要是什么题材的？,人物情感,社会道德,悬疑情节,悬疑情节
香水,关于《香水》这本小说，小说中采用了怎样的语言来描述格勒努耶的嗅觉能力？,冷静客观,幻想奇幻,史诗叙述,现实主义
香水,关于《香水》这本小说，小说中对孤儿、社会底层人物的生存困境进行了怎样的描写？,英雄主义,社会批判,爱情主题,奇幻冒险
象棋的故事,关于《象棋的故事》这本小说，茨威格在《象棋的故事》中采用了怎样的文学手法来表现主人公的内心矛盾与挣扎？,明喻和暗喻,叙述和对话,笔调和抒情,内疚与忏悔
小王子,关于《小王子》这本小说，小王子是什么类型的小说？,寓言和幻想,冒险和探索,现实主义和社会批判,抒发情感和感悟人生
小王子,关于《小王子》这本小说，作者安托万・德・圣修伯里的飞行员身份如何影响了《小王子》的文学表达？,增添了冒险元素,增强了幻想成分,彰显了人物的勇敢和智慧,呈现了现实世界的残酷
肖申克的救赎,关于《肖申克的救赎》这本小说，文学风格主要是,现实主义,浪漫主义,印象主义,象征主义
笑傲江湖,关于《笑傲江湖》这本小说，小说中描写武林江湖斗争的文学风格是？,浪漫主义,玄幻,古典文学,现实主义
许三观卖血记,关于《许三观卖血记》这本小说，这段故事以怎样的文学手法描述了许三观卖血经历？,叙事流畅，情节紧凑,抒情悲凉，情感真挚,幽默风趣，生动活泼,悬疑紧张，情节扣人心弦
雪山飞狐,关于《雪山飞狐》这本小说，“罗生门”式叙述手法指的是什么？,混合时间顺序叙述,融入神秘元素,使用大量对话进行叙述,引入多重视角叙述
一个叫欧维的男人决定去死,关于《一个叫欧维的男人决定去死》这本小说，故事中采用了怎样的叙述手法来展现欧维的内心世界？,第一人称叙述,交替视角叙述,反事实叙述,潜台词叙述
一个陌生女人的来信,关于《一个陌生女人的来信》这本小说，小说的文学风格如何？,浪漫主义,现实主义,奇幻文学,科幻小说
一桩事先张扬的凶杀案,关于《一桩事先张扬的凶杀案》这本小说，作者以怎样的叙述方式呈现这个悲剧故事？,第一人称叙述,第三人称客观叙述,线性时间叙述,多重视角叙述
月亮与六便士,关于《月亮与六便士》这本小说，作者运用怎样的文学手法来展示思特里克兰德的内心矛盾和追求？,叙事回溯,对比与比喻,具象描写,抒情描写
月亮与六便士,关于《月亮与六便士》这本小说，思特里克兰德的创作风格可以描述为：,艺术现实主义,现代主义,浪漫主义,抽象表现主义
云边有个小卖部,关于《云边有个小卖部》这本小说，小说展现了哪种文学风格？,冒险文学,现实主义文学,魔幻文学,古典文学
长安的荔枝,关于《长安的荔枝》这本小说，展现了哪种文学风格？,现实主义,历史小说,浪漫主义,奇幻小说
长安的荔枝,关于《长安的荔枝》这本小说，运用了何种叙述手法？,第一人称叙述,第三人称叙述,自由间接叙述,内心独白叙述
长日将尽,关于《长日将尽》这本小说，小说所展现的文学风格主要体现在哪个方面？,叙述手法,描写景色,情节安排,人物塑造
追风筝的人,关于《追风筝的人》这本小说，故事中的风筝比赛具有什么象征意义？,社交活动,竞争和友情,宗教仪式,政治表现
最好的我们,关于《最好的我们》这本小说，这段故事以什么文学风格为主？,冒险小说,青春成长小说,历史叙述小说,科幻小说
最好的我们,关于《最好的我们》这本小说，故事的叙述手法主要采用了？,第三人称叙述,第一人称叙述,日记体叙述,对话体叙述
无人生还,关于《无人生还》这本小说，十个印地安小男孩的童谣和死亡方式象征了什么？,人性的善良与纯洁,罪行的不可逃避,生存欲望的挑战,社会压迫与无奈选择
无人生还,关于《无人生还》这本小说，故事采用了哪种叙述手法？,第一人称叙述,交替视角叙述,线性叙述,第三人称有限视角
无人生还,关于《无人生还》这本小说，故事中儿歌和瓷像体现了什么？,奇幻和神秘的氛围,童真与无辜的形象,人性的善良与友善,纪念受害者的手段
我的天才女友,关于《我的天才女友》这本小说，这个故事的文学风格主要体现在哪方面？,人性的复杂性和社会问题,幽默讽刺和荒诞情节,情感挣扎和内心冲突,科幻元素和未来展望
斯通纳,关于《斯通纳》这本小说，《斯通纳》的叙述手法可以被描述为什么？,平行叙事,倒叙叙事,多重视角叙事,混合叙事
斯通纳,关于《斯通纳》这本小说，《斯通纳》中的情节预设体现了哪种文学手法？,悬疑,悲剧,暗示,转折
梦里花落知多少,关于《梦里花落知多少》这本小说，故事的文学风格主要体现在哪方面？,叙述手法生动，描述细腻,题材丰富，情节扑朔迷离,文学风格简洁，以对话为主,描写背景细腻，情感真挚
梦里花落知多少,关于《梦里花落知多少》这本小说，在北京，林岚回忆起和顾小北的过去，这一情节突出了什么文学风格？,深刻的心理描写,叙述手法的巧妙运用,异地背景的反思,情感真实表达
骆驼祥子,关于《骆驼祥子》这本小说，《骆驼祥子》的文学风格主要体现在哪方面？,希腊悲剧的叙述手法,现实主义描写社会底层生活,浪漫主义的情感表达,古典主义的人性探讨
鹿鼎记,关于《鹿鼎记》这本小说，故事《鹿鼎记》中的叙述以什么样的文学风格为主？,浪漫主义,现实主义,历史文学,奇幻文学
鹿鼎记,关于《鹿鼎记》这本小说，故事中的戏剧性和荒诞情节是该小说采用的哪种文学风格的体现？,讽刺小说,冒险小说,传记小说,寓言小说
鹿川有许多粪,关于《鹿川有许多粪》这本小说，小说集的主要文学风格可以描述为：,现实主义,超现实主义,古典主义,浪漫主义
雷雨,关于《雷雨》这本小说，该剧作所体现的主要文学风格是：,现实主义,浪漫主义,抒情主义,古典主义
呼兰河传,关于《呼兰河传》这本小说，小说《呼兰河传》中呈现了怎样的文学风格？,描述性叙述,抒情叙述,叙述对话,叙述夹叙夹议
海的女儿,关于《海的女儿》这本小说，故事中的文学风格主要体现为什么特点？,现实主义，独特叙述手法,神话色彩，夸张叙事,现代主义，心理描写,古典主义，简洁叙述
房思琪的初恋乐园,关于《房思琪的初恋乐园》这本小说，小说中使用了哪种叙述手法？,第一人称叙述,无人称客观叙述,第三人称全知视角,反向叙述
窗边的小豆豆,关于《窗边的小豆豆》这本小说，《窗边的小豆豆》的文学风格主要体现为？,冒险小说，第一人称叙述，幽默风格,家庭小说，第三人称叙述，悲剧风格,童话故事，第一人称叙述，幻想风格,历史小说，第三人称叙述，史诗风格
茶馆,关于《茶馆》这本小说，文学风格主要表现为：,浪漫主义,冷峻现实主义,古典主义,象征主义
边城,关于《边城》这本小说，突发雷雨暴露了哪种文学风格？,现实主义,浪漫主义,象征主义,古典主义
白鹿原,关于《白鹿原》这本小说，题材主要是？,乡土题材,科幻题材,历史题材,犯罪题材
白鹿原,关于《白鹿原》这本小说，小说《白鹿原》的叙述手法可以被描述为？,第一人称叙述,第三人称全知视角,独白体叙述,双重叙述
霸王别姬,关于《霸王别姬》这本小说，该剧采用了哪种叙述手法？,第一人称叙述,第三人称叙述,全知视角叙述,反思性叙述
亮剑,关于《亮剑》这本小说，把我的意大利炮扛过来的台词是谁说的,和尚,老李,老王,翠花
水浒传,关于《水浒传》这本小说，梁山好汉中，谁获得过宋徽宗御笔亲写的赦书,林冲,宋江,燕青,杨志
红楼梦,关于《红楼梦》这本小说，说话咬舌头，把二哥哥说成爱哥哥的是？,紫娟,晴雯,史湘云,林黛玉
水浒传,关于《水浒传》这本小说，小说中谁倒拔垂杨柳,林黛玉,林冲,鲁智深,宋江
追风筝的人,关于《追风筝的人》这本小说，1981年阿米尔爸爸带阿米尔远渡重洋离开家乡是因为？,海外经商,战争,民族和宗教问题,为了让阿米尔获得更好的教育
西游记,关于《西游记》这本小说，小说中谁是石头蹦出来的,孙悟空,猪八戒,沙悟净,白龙马
悲惨世界,关于《悲惨世界》这本小说，冉阿让因为偷了什么而服了19年的苦役？,一瓶葡萄酒,一杯牛奶,一片面包,一块饼干
陆犯焉识,关于《陆犯焉识》这本小说，男主人公陆焉识为什么要在农场转迁时逃跑？,收到虐待,逃避处罚,思念家人,他人怂恿
一个陌生女人的来信,关于《一个陌生女人的来信》这本小说，作品讲述了陌生的女人在什么时候写下凄婉动人的长信,生命最后时刻,少年时期,生命中最开心的时刻,生命中最难过的时候
傲慢与偏见,关于《傲慢与偏见》这本小说，男主人公达西什么时候爱上了伊丽莎白？,二次见面,见识到了她的善良,与她首次交谈后,一见钟情
平凡的世界（全三部）,关于《平凡的世界（全三部）》这本小说，田晓霞是为何而死？,溺亡,因病而亡,饥荒,谋杀
房思琪的初恋乐园,关于《房思琪的初恋乐园》这本小说，房思琪受到伤害后为什么选择沉默？,放不下自身高贵的自尊心,将伤害当作肮脏与罪恶,担心受到他人的非议,她深爱着施暴者
解忧杂货店,关于《解忧杂货店》这本小说，年轻女孩月兔受到了什么困扰？,家庭与爱情的选择,爱情与梦想的抉择,梦想与现实的落差,亲情与未来的迷茫
肖申克的救赎,关于《肖申克的救赎》这本小说，肖申克收到什么指控入狱？,谋杀,抢劫,盗窃,贩毒
霸王别姬,关于《霸王别姬》这本小说，程蝶衣为什么起初会被嫌弃无法加入戏班,有六只手指,少了一只手,有六根脚趾,长得不好看
一句顶一万句,关于《一句顶一万句》这本小说，吴摩西为了找谁走出延津,养女,养子,父亲,母亲
2001：太空漫游,关于《2001：太空漫游》这本小说，小说中神秘的黑色石板出现在哪个地方,非洲草原,欧洲草原,亚洲草原,美洲草原
撒哈拉的故事,关于《撒哈拉的故事》这本小说，三毛捡到了什么东西导致她厄运不断？,手链,戒指,项链,耳环
嫌疑人X的献身,关于《嫌疑人X的献身》这本小说，凶手的杀人动机是什么？,一时失手,正当防卫,出于愤怒,蓄谋已久
哈利波特,关于《哈利波特》这本小说，伏地魔为什么会黑化？,家庭环境的影响,受到非人的待遇,被他人所胁迫,因为失去了爱人
三体,关于《三体》这本小说，叶文洁收到了外星生物传递的什么信息？,不要回答,请回答,你好,不要害怕
麦琪的礼物,关于《麦琪的礼物》这本小说，小说讲述了一对年轻的夫妇忍痛割爱的什么故事,互赠圣诞礼物,互赠万圣礼物,互赠结婚纪念日礼物,互赠明信片
当呼吸化为空气,关于《当呼吸化为空气》这本小说，保罗卡拉尼什在书中患了什么病,心脏病,肺癌,脑瘤,胃癌
一个叫欧维的男人决定去死,关于《一个叫欧维的男人决定去死》这本小说，欧维为什么下定决心去死,自己患病,妻子去世,有人胁迫,生活穷困
情书,关于《情书》这本小说，女藤井树为什么害怕医院,因为她的父亲因病在医院去世,因为男藤井树在医院上班,因为怕打针吃药,因为害怕得知真相
红楼梦,关于《红楼梦》这本小说，在贾府显赫时极力讨好攀附，而贾府衰败时又落井下石的人是？,贾雨村,跛足道人,甄士隐,冷子兴
水浒传,关于《水浒传》这本小说，小说中打虎的是谁,武松,吴用,柴进,花容
追风筝的人,关于《追风筝的人》这本小说，阿米尔最终决定救索拉博，不是因为哪一项？,出于对哈桑的愧疚,阿米尔与索拉博的友情,哈桑是阿米尔父亲的私生子,索拉博是哈桑的儿子
悲惨世界,关于《悲惨世界》这本小说，冉阿让从狱中逃出后，从德纳第家中救出了谁？,马吕斯,珂赛特,芳汀,安灼拉
边城,关于《边城》这本小说，文中天保和傩送以什么方式论胜负？,决斗,唱山歌,写信,送花
罪与罚,关于《罪与罚》这本小说，小说中为什么拉斯科尔尼科夫会认为自己可以为所欲为,因为自己能力强,因为自己和政府有关系,因为自己家里人有钱,因为自己受无政府主义思想毒害
斯通纳,关于《斯通纳》这本小说，威廉斯通纳多少岁成为的大学老师,18岁,19岁,20岁,21岁
陆犯焉识,关于《陆犯焉识》这本小说，为什么陆焉识会与时代政治百般周旋,为了坚持自由,为了保护自己的地位,为了自己能过上富裕的生活,为了与时代作对
白鹿原,关于《白鹿原》这本小说，黑娃为什么痛恨白嘉轩？,嫌他腰杆挺得太直,嫉妒他家的财富,白嘉轩曾经苛待过他,和白嘉轩的儿子结仇
金色梦乡,关于《金色梦乡》这本小说，为什么青柳雅春会开始逃亡,他暗杀首相,他被栽赃为暗杀手相的凶手,他聚众赌博且打人,他打劫银行，为非作歹
面纱,关于《面纱》这本小说，女主人公为什么会被丈夫胁迫去湄潭府,和别人通奸,杀了人,抢劫了银行,自己要求丈夫这样做
傲慢与偏见,关于《傲慢与偏见》这本小说，谁没有阻止达西和伊丽莎白的爱情？,达西的姨妈,宾利的妹妹,女主的父亲,男主的母亲
月亮与六便士,关于《月亮与六便士》这本小说，主人公为什么抛妻弃子，远走他乡？,逃避现实,追寻理想,受人胁迫,与妻子决裂
解忧杂货店,关于《解忧杂货店》这本小说，敦也、翔太、幸平为什么看不起寄信人“迷途的小狗”？,认为她十分轻浮,认为她过于天真,嫉妒她的才华,嫉妒她的财富
霸王别姬,关于《霸王别姬》这本小说，程蝶衣反复唱错的段落来自哪部戏曲作品？,天仙配,西厢记,思凡,牡丹亭
苏菲的世界,关于《苏菲的世界》这本小说，在谁的指引下，苏菲开始思索很多大师思考的根本问题,艾伯特,理查德,格林,巴克斯
球状闪电,关于《球状闪电》这本小说，陈博士的父母是怎么去世的,被闪电球烧成灰烬,家中失火一氧化碳中毒,车祸,癌症
霸王别姬,关于《霸王别姬》这本小说，段小楼后面娶了谁为妻,菊仙,程蝶衣,袁世卿,陈凯歌
一句顶一万句,关于《一句顶一万句》这本小说，吴摩西养女的儿子又为什么走出延津,摆脱孤独,挣钱,求学,旅游
2001：太空漫游,关于《2001：太空漫游》这本小说，黑色石板经历多久被人类在月球挖出,200万年,250万年,300万年,400万年
红楼梦,关于《红楼梦》这本小说，元春最终给“杏帘在望”赐名为什么？,梨花春雨,稻香村,浣葛山庄,桐剪秋风
白夜行,关于《白夜行》这本小说，凶手为什么要杀当铺老板？,情杀,报仇,误杀,憎恨
无人生还,关于《无人生还》这本小说，小说中的人物为什么会受邀齐聚在该岛上？,都有不可告人的秘密,追求享乐,想要从中获利,受到他人的胁迫
嫌疑人X的献身,关于《嫌疑人X的献身》这本小说，石神为什么要保护凶手？,因为愧疚,因为爱情,担心受到牵连,受到凶手胁迫
尼罗河上的惨案,关于《尼罗河上的惨案》这本小说，凶手的杀人动机是什么？,财产,情杀,憎恨,复仇
当呼吸化为空气,关于《当呼吸化为空气》这本小说，书中保罗获得哪所大学的双学位,美国斯坦福大学,美国密歇根大学,加利福尼亚大学,剑桥大学
解忧杂货店,关于《解忧杂货店》这本小说，月兔为什么会徘徊在爱情与梦想中,男友身患绝症,男友出轨,亲人离世,亲人得了绝症
骆驼祥子,关于《骆驼祥子》这本小说，小说中虎妞死于什么原因,难产,胃癌,心脏病,子宫癌
雪山飞狐,关于《雪山飞狐》这本小说，风雪之中胡夫人临盆请来的谁为她接生,阎基,苗人凤,程灵素,南兰
笑傲江湖,关于《笑傲江湖》这本小说，小说中令狐冲得到风清扬传授什么秘籍,独孤九剑,九阴真经,九阴白骨爪,降龙十八掌
云边有个小卖部,关于《云边有个小卖部》这本小说，王莺莺为什么不告诉刘十三患癌症的事,她是刘十三唯一的亲人了,不像让刘十三担心,害怕刘十三承受不了这一噩耗,以上都对
许三观卖血记,关于《许三观卖血记》这本小说，许三观卖了几次血,十,十一,十二,十三
弗兰肯斯坦,关于《弗兰肯斯坦》这本小说，怪物为什么杀死弗兰肯斯坦的弟弟,它的无心之举,它受人指使,它对世界的仇恨,它喜欢杀人
情书,关于《情书》这本小说，为什么男藤井树选择和女藤井树在停车棚昏暗的灯光下校对卷子,因为男藤井树迫切地想知道答案,因为这是女藤井树要求的,因为男藤井树想拖延更多的时间和女藤井树呆在一起,因为作者乐意
神雕侠侣,关于《神雕侠侣》这本小说，郭襄和杨过成亲的原因,杨过和郭襄两情相悦,杨过被郭靖黄蓉胁迫,假成亲,不符合事实
小王子,关于《小王子》这本小说，主人公六岁时，画了一副大蟒蛇在吞食野兽的画，为什么大人们认为那是一顶帽子？,他们在开玩笑,他们觉得吞噬野兽的蟒蛇很可怕,他们变得无趣，丧失了想象力,他们不知道什么是吞噬野兽的蟒蛇
追风筝的人,关于《追风筝的人》这本小说，1975年的一次风筝比赛中，阿米尔为什么要勇夺冠军？,为了得到冠军的奖品,为了在朋友面前出人头地,为了赢得爸爸的好感,和阿塞夫打赌获得风筝比赛冠军
罪与罚,关于《罪与罚》这本小说，拉斯科尔尼科夫最终被流放到哪里,西伯利亚,西欧,英格兰,内蒙
教父,关于《教父》这本小说，为什么回国后麦可成为新的黑手党领袖,麦可大哥被杀,麦可家人要求,麦可被选举,抽签
绝叫,关于《绝叫》这本小说，小说中铃木阳子是怎么死的,出车祸,淹死,孤独死,被谋杀
斯通纳,关于《斯通纳》这本小说，小说中威廉斯通纳在多少年死亡,1955,1956,1957,1958
受戒,关于《受戒》这本小说，为什么明海会出家,明海热衷于出家,明海受家里人感染,明海家里人少地多,明海突发奇想
陆犯焉识,关于《陆犯焉识》这本小说，陆焉识为什么会娶娘家侄女冯婉喻,两个人真心相爱,陆焉识心血来潮,陆焉识继母为了巩固自己在家族的地位,陆焉识为了尝试恋爱的感觉
白鹿原,关于《白鹿原》这本小说，田小娥为何而死？,饿死,被杀,冷死,病死
金色梦乡,关于《金色梦乡》这本小说，男主人公一开始因为什么一夜成名,解决当红女星,拾金不昧上了新闻,智商太高，在众人中很突出,画画很好看，且学习能力强
面纱,关于《面纱》这本小说，凯蒂最终和父亲一起去哪里生活,香港,马来西亚群岛,巴哈马群岛,英格兰半岛
一个陌生女人的来信,关于《一个陌生女人的来信》这本小说，小说中女孩成绩为什么从中等变成了第一名,遇见了作家,自己下定决心努力学习,作弊,收买老师
百年孤独,关于《百年孤独》这本小说，布恩迪亚为什么要离开家乡？,避开良心的谴责,与家族发生矛盾,追寻个人理想,与爱人私奔
我的天才女友,关于《我的天才女友》这本小说，小说16岁的莉莉拉决定嫁给了谁,银行商人,铁匠,肉食店老板,农民工
沉默的大多数,关于《沉默的大多数》这本小说，那只猪为什么特立独行？,活得潇洒,长相独特,叫声奇异,吃得最多
冰与火之歌,关于《冰与火之歌》这本小说，龙母丹妮莉丝为什么会嫁给马王卓戈卡奥？,为人所逼,出于爱情,逆反心理,爱慕马王
杀死一只知更鸟,关于《杀死一只知更鸟》这本小说，是什么杀死了“知更鸟”？,无知的人类,扭曲的心理,人性的邪恶,人们的偏见
霸王别姬,关于《霸王别姬》这本小说，国军士兵为什么抓走程蝶衣？,逼他为高官表演,认为他是汉奸,蝶衣出言不逊,将他作为威胁
肖申克的救赎,关于《肖申克的救赎》这本小说，肖申克为什么为狱友要啤酒？,及时享乐,抚慰人心,讨好狱友,报答恩情
不能承受的生命之轻,关于《不能承受的生命之轻》这本小说，最后托马斯和特丽莎为何而死,车祸,癌症,核辐射,跳楼
草房子,关于《草房子》这本小说，秦大奶奶冒险救了谁差点丧命,乔乔,桑桑,细马,纸月
撒哈拉的故事,关于《撒哈拉的故事》这本小说，三毛为什么会前往撒哈拉沙漠？,向往沙漠生活,感受到召唤,因荷西的工作,随遇而安
无人生还,关于《无人生还》这本小说，最后一位角色是如何死去的？,被重物砸死,被他人谋杀,被警察枪毙,自己结束生命
嫌疑人X的献身,关于《嫌疑人X的献身》这本小说，花冈美里为什么割腕？,想要摆脱痛苦的世界,想要随父亲一起离去,不能忍受父亲的虐待,自身受到了非人遭遇
树上的男爵,关于《树上的男爵》这本小说，柯希莫的父母为什么结婚？,父亲为了爵位,因为爱情,包办婚姻,未婚先孕
一桩事先张扬的凶杀案,关于《一桩事先张扬的凶杀案》这本小说，凶手的杀人动机是什么？,报仇,情杀,财杀,冲动
倾城之恋,关于《倾城之恋》这本小说，白流苏为什么愿意去香港？,将婚姻作为赌注,厌倦了平淡的生活,和恋人私奔,想要远离痛苦的家庭
三体,关于《三体》这本小说，罗辑为什么被选为面壁者,他使三体人惧怕,他的强硬,他发现了三体人的秘密,他有强大的力量
荒原狼,关于《荒原狼》这本小说，为什么哈勒尔会杀死赫尔米娜,出于嫉妒,出于自卫,出于有趣,为了体验坐牢的感觉
最好的我们,关于《最好的我们》这本小说，小说中余淮为耿耿做了很多事出于什么,对余淮的真心,为了巴结余淮,为了得到余淮的钱,为了接近她并且报复她
当呼吸化为空气,关于《当呼吸化为空气》这本小说，在保罗查出肺癌后，他以什么身份记录自己的余生,医生和患者,患者和记者,医生和记者,患者和裁判
象棋的故事,关于《象棋的故事》这本小说，小说中谁培养主角成为国际象棋世界冠军,养父,养母,父亲,母亲
解忧杂货店,关于《解忧杂货店》这本小说，松岗克郎为什么会离家漂泊,音乐梦,画画梦,爱情,足球梦
天龙八部,关于《天龙八部》这本小说，段誉在苏州对谁一见钟情,王语嫣,阿碧,钟灵,木婉清
笑傲江湖,关于《笑傲江湖》这本小说，小说中谁担任实施嵩山掌门时意欲吞并五岳,左冷禅,王元霸,令狐冲,林远图
一个叫欧维的男人决定去死,关于《一个叫欧维的男人决定去死》这本小说，欧维为什么在回家的反方向乘坐火车,为了观光,为了体验火车,为了索雅,为了消费
水浒传,关于《水浒传》这本小说，拳打镇关西和倒拔垂杨柳的是,鲁智深,戴宗,关胜,林冲
水浒传,关于《水浒传》这本小说，善于偷盗的梁山好汉是,时迁,鲁智深,吴用,宋江
2001：太空漫游,关于《2001：太空漫游》这本小说，地球上的科学家在哪里发现了第一块黑石版？,月球上的克拉维基基地,木星的卫星欧罗巴,金星的表面,地球的大西洋海底
2001：太空漫游,关于《2001：太空漫游》这本小说，哈儿为什么杀死了冬眠中的太空人？,为了保护自己不被关掉,误操作导致意外事件,受到外部恶意干扰,受到外星智慧生物的控制
2001：太空漫游,关于《2001：太空漫游》这本小说，鲍曼在太空中度过了几个月的时间？,半年,几个月,几周,一年
2001：太空漫游,关于《2001：太空漫游》这本小说，鲍曼最终进入了一个什么样的空间？,黑洞,无限延伸的宇宙空间,一个完全白色的空间,空间站
2001：太空漫游,关于《2001：太空漫游》这本小说，故事的结局中，星童做出了什么举动？,引爆了核弹,返回地球,进入黑洞,探索地球
傲慢与偏见,关于《傲慢与偏见》这本小说，伊丽莎白・班奈特与柯林斯先生的婚姻动机是什么？,为了得到贝内特家的财产,为了提高社会地位,为了满足班奈特太太的期望,
傲慢与偏见,关于《傲慢与偏见》这本小说，为什么伊丽莎白对柯林斯先生的求婚表示拒绝？,柯林斯先生没有真心爱她,她爱上了达西先生,柯林斯先生条件不符合她的期望,她对贝内特家的情况感到厌倦
傲慢与偏见,关于《傲慢与偏见》这本小说，为什么达西帮助丽迪亚并与她结婚？,为了得到贝内特家的财产,出于责任心和尽责,为了破坏伊丽莎白的幸福,出于社会压力和传统习惯
傲慢与偏见,关于《傲慢与偏见》这本小说，班奈特太太为何要把女儿嫁给有钱绅士？,为了提高女儿的社会地位,为了追求真爱,为了保住家族的财产,为了满足社会期望
傲慢与偏见,关于《傲慢与偏见》这本小说，为什么伊丽莎白拒绝了达西的第一次求婚？,因为她已经订婚,因为她不喜欢达西,因为她觉得他傲慢和无礼,因为她害怕结婚
傲慢与偏见,关于《傲慢与偏见》这本小说，柯林斯先生为什么开始向夏洛特・卢卡斯求婚？,因为夏洛特对他的财产有兴趣,因为他们是青梅竹马,因为他受到班奈特太太的压力,因为他爱上了夏洛特
悲惨世界,关于《悲惨世界》这本小说，冉阿让在碉堡中救下了谁的性命？,马吕斯,伽弗洛什,沙威,沙威
悲惨世界,关于《悲惨世界》这本小说，冉阿让为何要假扮成国民警卫队员？,为了逃避法律制裁,为了保护马吕斯,为了迷惑强盗,为了寻找新生活
悲惨世界,关于《悲惨世界》这本小说，为什么德纳第一家要勒索冉阿让？,为了报仇,为了支付债务,为了买更多食物,为了给阿兹玛买礼物
悲惨世界,关于《悲惨世界》这本小说，冉阿让为何在碉堡中释放了沙威？,想挽救沙威的生命,为了让沙威帮助他逃脱,出于人道主义,为了误导攻击者
悲惨世界,关于《悲惨世界》这本小说，为什么马吕斯对冉阿让感到震惊？,冉阿让是他的父亲,冉阿让是他的兄弟,冉阿让是他的好友,冉阿让是他的敌人
悲惨世界,关于《悲惨世界》这本小说，为什么德纳第一家向冉阿让勒索钱财？,为了逃离法国,为了给爱潘妮买礼物,为了拯救破产的生意,为了实现自己的野心
冰与火之歌,关于《冰与火之歌》这本小说，哪位角色在黎明之战中击退异鬼？,伊里斯二世,劳勃・拜拉席恩,丹妮莉丝・坦格利安,多恩亲王
冰与火之歌,关于《冰与火之歌》这本小说，谁领导了贵族联盟击败了坦格利安族的军队？,谁领导了贵族联盟击败了坦格利安族的军队？,伊里斯二世,丹妮莉丝・坦格利安,艾德・史塔克
灿烂千阳,关于《灿烂千阳》这本小说，莱拉和玛黎安在面对拉希德的凌虐时采取了怎样的行为？,反抗和逃跑,寻求帮助,忍受并忠实侍奉,向社会求助
东方快车谋杀案,关于《东方快车谋杀案》这本小说，谋杀案的真相揭示后，谁最终承认了犯罪？,赫伯德夫人,赫克特・麦奎恩,安卓尼伯爵,玛丽・德本汉
东方快车谋杀案,关于《东方快车谋杀案》这本小说，根据事件描述，谁可能是事件的真凶，为了伸张正义参与了谋杀案？,赫伯德夫人（琳达・亚登）,赫克特・麦奎恩,康斯坦丁博士,皮埃尔・米歇尔
恶意,关于《恶意》这本小说，加贺刑警参考了谁的笔记来办案？,野野口修,日高邦彦,自己的笔记,邻居的笔记
恶意,关于《恶意》这本小说，为何加贺刑警回忆起校园霸凌？,杀人案件有关,日高邦彦的作品涉及校园霸凌,野野口修提及,加贺刑警曾是校园霸凌的受害者
恶意,关于《恶意》这本小说，日高邦彦为何计划移居加拿大？,逃避债务,追求事业,为了家庭幸福,因犯罪事实
恶意,关于《恶意》这本小说，野野口修为何辞去教职？,进军儿童文学领域,日高邦彦的推荐,教师职业不满意,薪资待遇较低
弗兰肯斯坦,关于《弗兰肯斯坦》这本小说，VictorFrankenstein采取了什么行动导致怪物的创造？,挖掘坟墓寻找尸体,研究自然界的生命过程,利用电力进行实验,组合各种动植物的器官
弗兰肯斯坦,关于《弗兰肯斯坦》这本小说，VictorFrankenstein在创造怪物时受到哪种科学启示,化学原理,生物学理论,电力学原理,天文学知识
弗兰肯斯坦,关于《弗兰肯斯坦》这本小说，VictorFrankenstein制造怪物时的动机主要是什么？,获得无限权力,恢复逝去的爱,提高社会地位,实现科学突破
哈利波特,关于《哈利波特》这本小说，哈利波特在11岁生日那天得知他是一名巫师的消息是通过谁告诉他的？,魔法部长,荣恩・卫斯理,鲁霸・海格,邓布利多
哈利波特,关于《哈利波特》这本小说，哈利发现了一本神秘的日记和一间神秘的密室。这本日记的内容和密室有什么关联？,日记可以打开密室,密室里藏有日记,日记是密室的钥匙,日记和密室无关
哈利波特,关于《哈利波特》这本小说，哈利和朋友们被委托寻找并摧毁佛地魔的什么,分灵体,哈格力,乌拉・皮德哥,七巫器
哈利波特,关于《哈利波特》这本小说，哈利、荣恩和妙丽在霍格华兹对抗佛地魔，试图摧毁什么？,三巫斗法大赛奖杯,分灵体,灵魂石,魔法杖
荒原狼,关于《荒原狼》这本小说，哈瑞・黑勒在魔术剧场中对机器采取了什么行为？,调和与友好,开战,拆除,逃离
荒原狼,关于《荒原狼》这本小说，为什么哈瑞・黑勒杀了赫尔米娜？,妒忌她与巴布罗的关系,恐惧她背叛自己,试图解决自己的内心矛盾,受到魔术剧场的影响
活着,关于《活着》这本小说，徐福贵一家遭遇了多次不幸，导致家庭破裂。这些不幸事件的主要原因是什么？,疾病和灾难,社会不公平,家庭矛盾,贫困和赌博
活着,关于《活着》这本小说，徐福贵的儿子有庆是如何离世的？,被医疗失误导致,被车祸撞死,遭黑心医生抽血致死,疾病逐渐恶化而死
叫魂,关于《叫魂》这本小说，在妖术事件发生时，民间出现了怎样的行为？,担心疫情爆发,进行自发的对妖术的惩罚行为,参与政府调查,支持施法者
叫魂,关于《叫魂》这本小说，妖术谣言如何迅速传播,通过社交媒体的传播,通过官方通告,通过口耳相传,通过电视广告
叫魂,关于《叫魂》这本小说，为什么妖术谣言能够在中国各地迅速传播？,因为媒体广泛报道,因为政府宣传,因为社交网络传播,因为人们口口相传
教父,关于《教父》这本小说，麦可・柯里昂在筵席间刺杀了哪两位人物？,毒贩和维托・柯里昂,警长和桑尼,维托・柯里昂和桑尼,毒贩和警长
教父,关于《教父》这本小说，维托・柯里昂的父亲被谁刺杀？,毒贩,麦可・柯里昂,警长,桑尼
解忧杂货店,关于《解忧杂货店》这本小说，克郎为什么对披头四的音乐产生了兴趣？,他的父亲是披头四的粉丝,他梦想成为歌手,他是披头四的成员,他的朋友推荐给他
解忧杂货店,关于《解忧杂货店》这本小说，为什么雄治突然决定关店并与贵之同住？,因为店面经营不好,贵之请求的原因,家庭原因,健康原因
解忧杂货店,关于《解忧杂货店》这本小说，为什么贵之回到老家浪矢杂货店？,寻找音乐灵感,寻找童年回忆,躲避困难,解决家庭问题
解忧杂货店,关于《解忧杂货店》这本小说，克郎为什么感到动摇并向浪矢杂货店求助？,因为无法实现音乐梦想,因为父亲生意失败,因为失恋,因为家庭矛盾
解忧杂货店,关于《解忧杂货店》这本小说，为什么克郎选择离开父母展开新人生？,他和父母关系破裂,他想追求音乐梦想,他找到了新的家庭,他受到了儿童院的影响
金色梦乡,关于《金色梦乡》这本小说，事件中起到帮助雅春逃脱的角色是谁？,森田森吾,靠谇缱,保土之谷康志,小野一夫
了不起的盖茨比,关于《了不起的盖茨比》这本小说，盖茨比为什么举办豪华宴会，但很少露面？,为了显示社交地位和财富,喜爱狂欢派对,因为他害羞,不善于社交
了不起的盖茨比,关于《了不起的盖茨比》这本小说，梅耶・沃尔夫西恩,盖茨比,汤姆・布坎南,尼克・卡拉威,自己的失误
了不起的盖茨比,关于《了不起的盖茨比》这本小说，尼克・卡拉威最终做出了怎样的决定？,离开纽约回到老家,帮助盖茨比逃避法律,告发黛西的罪行,继续在纽约生活
陆犯焉识,关于《陆犯焉识》这本小说，丹丹为阻止父母相见采取了怎样的行动？,暗中联系冯婉瑜,假装病重,离家出走,刻意避免谈论陆焉识
陆犯焉识,关于《陆犯焉识》这本小说，文革结束后，陆焉识回家的目的主要是？,寻找妻子,寻找女儿,重新追求自己的梦想,接受家庭的新现实
麦琪的礼物,关于《麦琪的礼物》这本小说，为了买礼物，麦琪做出了什么牺牲？,卖掉头发,卖掉戒指,卖掉衣服,卖掉家里的家具
麦琪的礼物,关于《麦琪的礼物》这本小说，麦琪的丈夫为了买礼物做了什么？,卖掉衣服,卖掉头发,卖掉手表,卖掉发梳
麦琪的礼物,关于《麦琪的礼物》这本小说，麦琪和她丈夫为什么要买礼物？,她们喜欢购物,耶诞节习俗要求,表达对对方的爱,社会压力驱使
美丽新世界,关于《美丽新世界》这本小说，在文明社会中，人们如何处理情感和情绪？,通过宗教仪式,通过家庭关系,通过服用索麻,通过心理治疗
美丽新世界,关于《美丽新世界》这本小说，为了维持社会的稳定，文明社会采取了什么措施来限制个人的思考和情感？,禁止阅读书籍,强制进行心理操控,每周举行宗教仪式,鼓励独立思考
美丽新世界,关于《美丽新世界》这本小说，野蛮人约翰最终选择了什么结局？,成为文明社会的领袖,自杀,返回马尔白斯部落,加入反抗组织
面纱,关于《面纱》这本小说，为什么Walter决定搬到霍乱肆虐的农乡？,逃避法律追捕,惩罚妻子Kitty,开展细菌学研究,寻找更好的生活环境
面纱,关于《面纱》这本小说，KittyFane为什么选择搭上英国外交官？,寻找真爱,逃避婚姻困厄,获得财富与地位,实现职业理想
尼罗河上的惨案,关于《尼罗河上的惨案》这本小说，西蒙和杰奎琳的共谋是为了什么目的？,保护琳奈,谋取琳奈的财产,寻求波洛的帮助,逃避法律追求
尼罗河上的惨案,关于《尼罗河上的惨案》这本小说，为了掩饰犯罪，杰奎琳犯下了什么两起命案？,枪击西蒙、刺杀琳奈,毒杀西蒙、溺死琳奈,刺杀露易丝、枪击奥特本夫人,毒杀西蒙、枪击露易丝
孽子,关于《孽子》这本小说，李青被父亲赶出家门的原因是什么？,与同学发生冲突,与学校职工发生关系,偷窃家里财物,逃学不归
孽子,关于《孽子》这本小说，谁对新公园里的同志族群给予照料和关怀？,李青父,杨教头,龙子,小玉
孽子,关于《孽子》这本小说，龙子为何被送往美国居住？,逃避法律制裁,获得更好的教育,寻找新的生活机会,保全父亲的地位与儿子的名誉
平凡的世界（全三部）,关于《平凡的世界（全三部）》这本小说，孙玉厚的大女儿孙兰花的丈夫王满银做过什么让他遭到嘲笑和批判？,贩卖假手表,贩卖老鼠药,贩卖假药,贩卖走私商品
平凡的世界（全三部）,关于《平凡的世界（全三部）》这本小说，孙少平最终选择去哪里揽工，离开农村的生活？,省城,上海,重庆,广州
平凡的世界（全三部）,关于《平凡的世界（全三部）》这本小说，田福堂的女儿田润叶的婚姻遭遇困难，最终她嫁给了谁？,孙少平,李登云的儿子,金波,李向前
平凡的世界（全三部）,关于《平凡的世界（全三部）》这本小说，少平的好友王满银回到村里的时候，与谁共同生活？,孙兰花,田润叶,金秀,田福军
强风吹拂,关于《强风吹拂》这本小说，穆萨・卡马拉为什么回避运动方面？,没兴趣,受伤,讨厌竞争,健康问题
倾城之恋,关于《倾城之恋》这本小说，白流苏为何选择把自己当赌注？,为了娱乐,为了挽回失败的婚姻,为了寻求爱情,为了复仇
倾城之恋,关于《倾城之恋》这本小说，白流苏选择返回上海的原因是？,范柳原的诡计,香港的炮火轰炸,亲戚的劝说,对自己的挣扎和迷茫
情书,关于《情书》这本小说，渡边博子寄出情书是出于哪种情感驱使？,怨恨,热恋,怀念,惊讶
球状闪电,关于《球状闪电》这本小说，陈博士的双亲消失的原因是什么？,车祸,火灾,球状闪电事故,疾病
球状闪电,关于《球状闪电》这本小说，陈博士改变研究思路后，在自然中寻找球状闪电的本体时使用了什么方式？,分子模型,分布式计算,分子对撞,拉拽电网
球状闪电,关于《球状闪电》这本小说，在战争中，美国利用了陈博士的研究成果，以什么为武器击沉了中国航空母舰“珠峰号”？,龙卷风,火箭,球状闪电,核导弹
三体,关于《三体》这本小说，叶文洁的父亲因何被红卫兵批斗而死？,科学理念,政治观点,腐败行为,宗教信仰
三体,关于《三体》这本小说，叶文洁在文革时期为何被下放到大兴安岭劳动？,反对政府政策,受牵连陷害,涉嫌犯罪,拒绝服从命令
三体,关于《三体》这本小说，为何三体世界被称为极端严酷的生存环境？,引力混乱导致天体碎裂,多次受到外星攻击,气候异常极端,持续战乱导致社会崩溃
三体,关于《三体》这本小说，汪淼在巴拿马运河的“古筝行动”中使用了什么特殊材料？,纳米材料,铅,钢铁,金属合金
杀死一只知更鸟,关于《杀死一只知更鸟》这本小说，在汤姆・鲁滨逊案的审判中，阿提克斯为他辩护是为什么？,鲍伯・尤厄尔恶意诬陷汤姆,汤姆是他的朋友,汤姆是阿提克斯的侄子,阿提克斯想保护梅薏拉・尤厄尔
杀死一只知更鸟,关于《杀死一只知更鸟》这本小说，在汤姆・鲁滨逊案的中被控强奸的是谁？,鲍伯・艾薇,亚瑟・拉德力,梅薏拉・尤厄尔,斯各特・芬奇
杀死一只知更鸟,关于《杀死一只知更鸟》这本小说，亚瑟・拉德力在小说中最终做了什么？,杀害了鲍伯・艾薇,拯救了杰姆和斯各特,出庭作证为汤姆・鲁滨逊辩护,离开梅康镇
射雕英雄传,关于《射雕英雄传》这本小说，杨康为了追求权力和荣华富贵背叛了谁？,桃花岛岛主,黄蓉,完颜洪烈,洪七公
射雕英雄传,关于《射雕英雄传》这本小说，欧阳锋对郭靖产生敌意的原因是什么？,郭靖抢走了他心爱的女人,郭靖的武功超过了他,郭靖曾伤害过他的家人,郭靖击败了他的师父
神雕侠侣,关于《神雕侠侣》这本小说，杨过为救谁而联合黄药师徒弟冯默风，击退李莫愁？,曲傻姑,公孙绿萼,小龙女,裘千尺
神雕侠侣,关于《神雕侠侣》这本小说，杨过偷听到何种消息后感到失望，离开了小龙女？,小龙女另有他人,小龙女背叛他,小龙女病重,小龙女忘记他
神雕侠侣,关于《神雕侠侣》这本小说，为何杨过最终拒绝了李莫愁的条件，选择救小龙女？,杨过真心爱小龙女,杨过知道李莫愁的真实意图,杨过不信任李莫愁,杨过受到小龙女的影响
神雕侠侣,关于《神雕侠侣》这本小说，杨过和郭芙发生冲突的原因是什么？,误会,爱情问题,财产纷争,势力之争
神雕侠侣,关于《神雕侠侣》这本小说，为什么杨过选择离开襄阳城？,意图报仇,对忽必烈的效忠,逃避追杀,寻找自己的真相
鼠疫,关于《鼠疫》这本小说，医师的妻子在疫情爆发时的身处何处？,城外的亲戚家,疗养院,市区的家中,医院
鼠疫,关于《鼠疫》这本小说，在瘟疫爆发期间，政客干了什么？,无私奉献,掩饰、诿过,积极组织救援,持续报道疫情
树上的男爵,关于《树上的男爵》这本小说，为了逃离家庭的束缚，柯希莫・皮奥瓦斯科・迪・隆多做出了怎样的举动？,背叛了朋友,爬上了树,参加了军队,离开了国家
树上的男爵,关于《树上的男爵》这本小说，柯希莫・皮奥瓦斯科・迪・隆多为何选择攀住热气球而消失？,寻找真爱,追求冒险与自由,逃避社会责任,寻找自己的亲人
水浒传,关于《水浒传》这本小说，宋江在面对朝廷招安的时候，作出了怎样的选择？,拒绝招安，继续抵抗,接受招安，投降朝廷,选择自杀以表决绝,逃离梁山，寻找新生活
苏菲的世界,关于《苏菲的世界》这本小说，亚伯特为什么创造苏菲这个人物?,让苏菲体验哲学思考的乐趣,为女儿席妲创作生日礼物,揭示现实世界的真相,展示哲学史的发展
围城,关于《围城》这本小说，方鸿渐为了给家人一个交代而采取了怎样的行动？,辞去工作,虚构学位证书,结婚,离开上海
围城,关于《围城》这本小说，方鸿渐的家庭在抗战时期逃难到了哪个地方？,香港,上海的租界,上海的租界,台湾
天龙八部,关于《天龙八部》这本小说，段誉在何时开始练习武功并拜入江湖？,在家离家出走时,与萧o结拜时,在少林寺大会后,遇见甘宝宝后
西线无战事,关于《西线无战事》这本小说，保罗・博伊默尔回到家乡后，他对战争的看法发生了什么变化？,更加热衷参战,怀疑战争的意义,加入反战组织,成为宣传战争的支持者
西游记,关于《西游记》这本小说，孙悟空被如来佛祖压在五行山下的原因是？,大闹天宫,破坏天地秩序,妄称“齐天大圣”,威胁人间安宁
西游记,关于《西游记》这本小说，唐僧师徒在面对妖魔时常依靠什么方式来救唐僧？,暴力,谋略,忏悔,哀求
西游记,关于《西游记》这本小说，为了追求觉悟，悉达多采取了怎样的生活方式？,放弃一切财产并过简朴生活,追求物质富裕和享受感官,参与政治活动并争取社会改革,游历世界，探寻新的冒险和经历
西游记,关于《西游记》这本小说，悉达多为何放弃富足的生活，回归简朴？,受伽摩拉的影响,觉悟生命真谛,失去所有财富,乔文达的劝说
嫌疑人X的献身,关于《嫌疑人X的献身》这本小说，事件发生地点旧江户川中的选择原因是？,与富?慎二有关,犯罪率高,花冈靖子的家,石神的建议
香水,关于《香水》这本小说，格勒努耶为什么杀害年轻女子？,为了报仇,为了创造一瓶特殊香水,为了保护自己,为了金钱
香水,关于《香水》这本小说，格勒努耶为什么选择隐居生活在康塔尔山脉？,逃避法律追捕,追寻香气的奥秘,寻找新的受害者,寻找旧友
象棋的故事,关于《象棋的故事》这本小说，B博士因何原因而陷入精神分裂并且沉溺于自我对弈？,战争的创伤和囚禁,家庭关系破裂,失业和经济压力,棋局的失败
象棋的故事,关于《象棋的故事》这本小说，在象棋对局中，世界冠军采取了怎样的策略来对付B博士？,激烈的攻击,缓慢而狡猾的行动,迅速结束对局,犹豫不决的反应
小王子,关于《小王子》这本小说，小王子离开星球的原因是什么？,他感到寂寞,他想探索宇宙,他和玫瑰发生争吵,他被驱逐出星球
肖申克的救赎,关于《肖申克的救赎》这本小说，在剧情中，安迪・杜弗伦通过怎样的方式改善了监狱内的图书馆？,申请资金购买新书籍,利用自身技能和关系改善设施,通过暴力手段强行改变环境,通过政治斗争争取改善条件
肖申克的救赎,关于《肖申克的救赎》这本小说，安迪・杜弗伦选择在1963年逃离监狱的原因主要是：,不堪忍受监狱生活的折磨,想揭露监狱腐败和谋杀罪行,实现他的梦想和自由,受到汤米・威廉斯的启发
笑傲江湖,关于《笑傲江湖》这本小说，为什么令狐冲拒绝加入日月神教？,不信任任我行,感情矛盾,坚守正道信仰,想独自行动
笑傲江湖,关于《笑傲江湖》这本小说，令狐冲如何失去对岳灵珊的爱意？,岳灵珊背叛,误会与疏离,他的性格改变,岳灵珊离世
笑傲江湖,关于《笑傲江湖》这本小说，林平之最终对令狐冲做了什么？,杀害令狐冲,出卖令狐冲,保护令狐冲,背叛令狐冲
笑傲江湖,关于《笑傲江湖》这本小说，岳不群为何被刺瞎双目？,令狐冲报仇,任我行意外,自愿割目,岳灵珊复仇
许三观卖血记,关于《许三观卖血记》这本小说，许三观每次卖血后会做什么来补充身体所失去的血？,喝大量水,吃猪肝,喝黄酒,吃生姜
许三观卖血记,关于《许三观卖血记》这本小说，许三观卖血的初衷是什么？,为了娶许玉兰,好奇和挣钱,为了救儿子,为了证明身体强壮
许三观卖血记,关于《许三观卖血记》这本小说，许三观每次卖血前大量喝水的目的是什么？,增加血量,降低血浓度,减轻疼痛,提高血液流动性
许三观卖血记,关于《许三观卖血记》这本小说，为什么许三观最终再次卖血，甚至差点丧命？,为了妻子的医疗费用,为了儿子的救治,为了还债,为了买房子
雪山飞狐,关于《雪山飞狐》这本小说，胡斐的武器是什么？,师门,兵器,地图,宝藏
雪山飞狐,关于《雪山飞狐》这本小说，谁知道铁盒内的秘密？,宝树,平阿四,刘元鹤,杜希孟
一个叫欧维的男人决定去死,关于《一个叫欧维的男人决定去死》这本小说，在故事中，欧维曾尝试多次结束自己的生命。以下哪种情况中，欧维放弃了自杀计划？,帕瓦内求助,车祸救人,米尔萨德的陪伴,卢恩的劝诫
一个叫欧维的男人决定去死,关于《一个叫欧维的男人决定去死》这本小说，欧维为什么最终将帕瓦内列为自己的近亲？,帕瓦内是他的远房亲戚,欧维将她视为自己的女儿,为了让她能继承自己的财产,为了表示对她的感激和尊重
一个叫欧维的男人决定去死,关于《一个叫欧维的男人决定去死》这本小说，欧维对米尔萨德的态度表现出什么？,接纳与理解,冷漠与排斥,怜悯与同情,嫉妒与嘲笑
一个陌生女人的来信,关于《一个陌生女人的来信》这本小说，维也纳女子为什么不向亚尔求援？,她不需要帮助,她不愿意找他帮忙,她不相信亚尔,她害怕被拒绝
一句顶一万句,关于《一句顶一万句》这本小说，牛爱国寻找“说得上话”的朋友的行为是出于？,社交需要,经济困境,家庭压力,身份认同
一句顶一万句,关于《一句顶一万句》这本小说，小说中人物牛爱国前往延津的动机是？,寻找失散多年的家人,逃避法律制裁,追求事业发展,探寻历史遗迹
一桩事先张扬的凶杀案,关于《一桩事先张扬的凶杀案》这本小说，新娘的两个哥哥拿着杀猪刀的行为初衷是什么？,自卫,替姐夫复仇,保卫家族名誉,报仇雪耻
一桩事先张扬的凶杀案,关于《一桩事先张扬的凶杀案》这本小说，为什么小镇居民没有及时阻止凶案的发生？,不相信维卡里奥兄弟会杀人,对圣地亚哥・纳萨尔不在意,害怕维卡里奥兄弟,觉得是家庭私事，不便干涉
倚天屠龙记,关于《倚天屠龙记》这本小说，令少林寺觉远禅师遭受损失的原因是什么？,寺内火灾,经书遭到盗窃,觉远禅师离开少林寺,人们不再信仰佛教
倚天屠龙记,关于《倚天屠龙记》这本小说，俞岱岩来到浙东的目的是什么？,找到屠龙刀,寻找张无忌,报仇雪恨,传授武功
倚天屠龙记,关于《倚天屠龙记》这本小说，谁最终戳瞎了成昆的双眼？,张无忌,赵敏,谢逊,朱元璋
倚天屠龙记,关于《倚天屠龙记》这本小说，张无忌为何流困北极冰火岛？,寻找失窃的经书,拯救被俘的六大门派高手,救治谢逊的伤势,学习九阳真经
云边有个小卖部,关于《云边有个小卖部》这本小说，刘十三为了完成外婆的心愿，他做了什么？,放弃学业，回乡陪伴外婆,拼命工作，赚钱治病救治外婆,到山顶挂灯笼，送走亡魂,与程霜共同照顾外婆
云边有个小卖部,关于《云边有个小卖部》这本小说，刘十三在外婆患病和失去程霜的双重打击下，他做了什么？,坚决离开故乡,放弃梦想，回归家庭,放弃生活，走上堕落之路,坚定前行，积极面对生活
长安的荔枝,关于《长安的荔枝》这本小说，要在贵妃诞日之前运送什么食物？,榴莲,荔枝,柚子,芒果
长安的荔枝,关于《长安的荔枝》这本小说，李善德接到的任务是要从哪个地区运送荔枝到长安？,岭南,长白山,黄河流域,西域
长日将尽,关于《长日将尽》这本小说，史蒂文斯以服务哪位贵族为自豪？,肯顿小姐,达林顿勋爵,乡村居民,自己的父母
长日将尽,关于《长日将尽》这本小说，史蒂文斯为何痛哭流涕并悔悟？,因为失去了达林顿勋爵的信任,因为意识到自己的服务观念错误,因为被乡村居民排斥,因为失去了肯顿小姐的爱
长日将尽,关于《长日将尽》这本小说，史蒂文斯最终选择在哪个地方反思并悔悟？,达林顿府,英格兰的乡村,大海边,伦敦市区
追风筝的人,关于《追风筝的人》这本小说，阿塞夫为什么对哈桑和阿米尔感到敌意？,他们是阿塞夫的家人,阿塞夫嫉妒他们的友谊,阿塞夫认为哈扎拉人是劣等民族,阿塞夫羡慕他们的财富
追风筝的人,关于《追风筝的人》这本小说，阿米尔的父亲对他的写作才华有何看法？,支持和鼓励,不关心,批评和反对,嫉妒
追风筝的人,关于《追风筝的人》这本小说，阿米尔为什么没有挺身而出保护哈桑？,他不知道发生了什么,他怕阿塞夫,他不喜欢哈桑,他没有足够的力量
追风筝的人,关于《追风筝的人》这本小说，阿米尔为了赢得爸爸的赞赏，参加了什么比赛？,跑步比赛,斗风筝比赛,足球比赛,高尔夫比赛
追风筝的人,关于《追风筝的人》这本小说，阿米尔为什么最终返回阿富汗？,寻找失散的亲人,寻找失落的宝藏,参加一场足球比赛,帮助拉辛汗逃离国家
罪与罚,关于《罪与罚》这本小说，拉斯柯尔尼科夫为什么选择自首？,他感到内疚和悔恨,他被迫逼供,他被抓住了,他被斯维德利盖洛夫勒索
罪与罚,关于《罪与罚》这本小说，拉斯柯尔尼科夫最终供认他的罪行是为了什么？,逃脱法律制裁,获得赦免,寻求心灵救赎,保护家人
罪与罚,关于《罪与罚》这本小说，为什么斯维德利盖洛夫最终自杀？,他感到内疚,他怕被捕,他被索尼娅威胁,他失去了一万卢布
我的天才女友,关于《我的天才女友》这本小说，莉拉面临家庭和婚姻压力时，她做出了什么样的决定？,她选择继续追求学业,她嫁给修鞋店老板,她决定放弃婚姻,她选择逃离家庭
受戒,关于《受戒》这本小说，明海之出家的原因是？,家里人多而地少,舅舅是庵里的当家和尚,受小英子邀请,向往出家生活
受戒,关于《受戒》这本小说，小英子为何经常到明海家来？,学习描画技艺,帮助她家务,一起练习修行,寻找明海的亲戚
受戒,关于《受戒》这本小说，明海和小英子一起做的活动包括？,描画和织布,打场看场,车水放割稻子,栽秧和薅草
受戒,关于《受戒》这本小说，小英子问明海是否愿意娶她为妻，明海的回答是？,不愿意,考虑中,想一想,愿意
梦里花落知多少,关于《梦里花落知多少》这本小说，林岚发现白松和李茉莉的新恋情发生在哪个场合？,派对上,上海,北京,会议
骆驼祥子,关于《骆驼祥子》这本小说，何种事件导致祥子最终放弃了原先的人生理想？,小福子的离开,三匹骆驼被抢走,虎妞的死亡,被侦探敲诈、洗劫一空
鹿鼎记,关于《鹿鼎记》这本小说，韦小宝在皇宫冒充太监时，成功应用了哪种技巧来脱身？,施展武术,制造混乱,发动暴力,伪装身份
雷雨,关于《雷雨》这本小说，剧中周萍最终选择了什么样的行为来摆脱蘩漪？,离家出走,自杀,开枪伤害蘩漪,跳窗逃走
雷雨,关于《雷雨》这本小说，在剧情中，为了保护四凤，侍萍采取了怎样的行动？,将四凤藏起来,请求周朴园将四凤送走,与蘩漪合谋将四凤领走,拒绝保护四凤
雷雨,关于《雷雨》这本小说，侍萍的命运被悲剧化塑造，她为了保护孩子采取了怎样的行动？,跳河自尽,跳崖自尽,跳楼自尽,跳窗自尽
呼兰河传,关于《呼兰河传》这本小说，为什么呼兰河的居民没有填平那个大泥坑？,想保持地方热闹氛围,担心法律纠纷,没有足够土地填平,认为泥坑是历史遗迹
海的女儿,关于《海的女儿》这本小说，小人鱼被允许浮上海面的原因是什么？,她想寻找海上奇异生物,她想了解人类世界,她受到了姐姐们的鼓励,她想参加王子的生日庆祝
海的女儿,关于《海的女儿》这本小说，小人鱼喝下了怎样的药水来实现变成人类的愿望？,使她失去记忆的药水,使她变得聪明的药水,使她失去感知的药水,使她变成人类的药水
房思琪的初恋乐园,关于《房思琪的初恋乐园》这本小说，思琪对李国华的行为产生怀疑的主要原因是？,李国华总是充满真诚和善意,思琪有不寻常的直觉和观察力,思琪和李国华有共同的兴趣爱好,思琪受到李国华的积极影响
房思琪的初恋乐园,关于《房思琪的初恋乐园》这本小说，思琪为何要翻开房思琪的日记？,寻找她的失踪线索,满足好奇心和了解友人内心,尝试揭示李国华的真面目,寻找解决思琪问题的线索
窗边的小豆豆,关于《窗边的小豆豆》这本小说，小豆豆逐渐变得受欢迎的原因是什么？,因为她开始变得顽皮淘气,因为校长喜欢她,因为她适应了新环境并展现了善良品质,因为她成绩突出
窗边的小豆豆,关于《窗边的小豆豆》这本小说，小豆豆被原学校退学的原因是？,成绩不好,淘气顽皮,家庭困难,偷窃行为
茶馆,关于《茶馆》这本小说，常四爷被特务宋恩子和吴祥子抓走的原因是什么？,因为他主张维新,因为他谈论了国事,因为他偷了东西,因为他打架斗殴
边城,关于《边城》这本小说，翠翠在茶峒附近的小溪白塔旁遇到了谁？,天保,顺顺,傩送,杨马兵
边城,关于《边城》这本小说，傩送在情感上宁肯继承破船也要与谁成婚？,翠翠,顺顺,天保,杨马兵
边城,关于《边城》这本小说，船总顺顺不愿意翠翠再做傩送的媳妇的原因是？,傩送死去,傩送不值,不喜欢,妻子反对
白夜行,关于《白夜行》这本小说，桐原亮司在废弃大楼通风道里偶然目睹了什么场景？,父亲与雪穗的交谈,父亲对雪穗实施侵害,雪穗的自杀行为,雪穗与其母亲的争吵
白夜行,关于《白夜行》这本小说，桐原亮司和雪穗为了不让自己的罪行被发现，采取了什么行动？,举报警察,逃离城市,毁灭证据，铲除亲人、朋友,招认罪行
白夜行,关于《白夜行》这本小说，为什么桐原亮司暗中帮助雪穗报复？,因为桐原亮司爱慕雪穗,因为雪穗威胁了他,因为雪穗是他的亲戚,因为他同情雪穗的遭遇
白夜行,关于《白夜行》这本小说，桐原亮司最终为了保护雪穗选择了什么结局？,自杀,逃亡,自首,手交警方
霸王别姬,关于《霸王别姬》这本小说，小豆子进入关家戏班学戏的原因是？,因为她梦想成为著名演员,受到母亲的影响和刺激,为了逃避困境,因为她喜欢表演艺术
霸王别姬,关于《霸王别姬》这本小说，造成蝶衣与段小楼最终分道扬镳的原因是？,菊仙的干涉,小四的陷害,文化大革命的影响,蝶衣的自卑感
嫌疑人X的献身,关于《嫌疑人X的献身》这本小说，富?慎二突然造访导致的事件起因是什么？,警方调查,花冈母女的冲突,社区纷争,邻居的投诉
红楼梦,关于《红楼梦》这本小说，凤姐生日之日，演的戏名叫什么？,西厢记,荆钗记,天仙配,牡丹亭
倚天屠龙记,关于《倚天屠龙记》这本小说，小说中元朝末年江湖传言得到什么兵器可成为武林至尊,龙泉宝剑,焚寂剑,倚天剑,青龙偃月刀
海的女儿,关于《海的女儿》这本小说，小说小人鱼为了追求人的灵魂放弃了多少年的寿民,100年,200年,300年,400年
许三观卖血记,关于《许三观卖血记》这本小说，许三观第二次卖血和一乐打伤别人有什么关系,没有关系,互斥关系,因果关系,时间关系
百年孤独,"关于《百年孤独》这本小说，马康多的创始人老波恩地亚在村庄建立初期,发生了什么，使得创建村庄不容易？",自然灾害,人口流失,社区冲突,资源匮乏
冰与火之歌,关于《冰与火之歌》这本小说，导致内战爆发的事件是什么？,异鬼入侵,伊里斯二世的疯狂残暴行为,多恩亲王反抗坦格利安族统治,龙灭绝
冰与火之歌,关于《冰与火之歌》这本小说，哪个事件导致了瓦雷利亚自由堡的灭亡？,异鬼入侵,龙灭绝,坦格利安族入侵,和平条约签订
冰与火之歌,"关于《冰与火之歌》这本小说，""内战爆发""与""伊里斯二世的行为""有什么关系？",伊里斯二世的行为导致了内战的爆发,内战爆发导致了伊里斯二世的行为,内战爆发和伊里斯二世的行为没有直接关系,内战爆发是对伊里斯二世行为的回应
冰与火之歌,"关于《冰与火之歌》这本小说，""异鬼入侵""与""黎明之战""有什么关系？",黎明之战是异鬼入侵的结果,异鬼入侵导致了黎明之战的爆发,黎明之战引发了异鬼入侵,异鬼入侵与黎明之战没有直接关系
不能承受的生命之轻,关于《不能承受的生命之轻》这本小说，特瑞莎在布拉格之春期间因何事受到国外媒体关注？,她的摄影作品,她的政治活动,她的音乐演出,她的文学作品
不能承受的生命之轻,关于《不能承受的生命之轻》这本小说，弗兰茨为了和萨宾娜在一起做了什么？,离婚,放弃事业,放弃友谊,放弃信仰
不能承受的生命之轻,关于《不能承受的生命之轻》这本小说，弗兰茨和萨宾娜的恋情为何而终？,因为弗兰茨出国追求事业,因为弗兰茨身体受伤无法再继续恋情,因为双方理念不同而分手,因为萨宾娜出国追求事业
不能承受的生命之轻,关于《不能承受的生命之轻》这本小说，托马斯的政治立场与特瑞莎的摄影作品之间有何种关系？,相互矛盾,互相支持,无关联,互相抵触
灿烂千阳,关于《灿烂千阳》这本小说，玛黎安被拉希德打死和她选择留下来承担罪责这两个事件之间有什么关系？,玛黎安被打死和她选择留下来承担罪责无关,玛黎安被打死导致了她选择留下来承担罪责,玛黎安选择留下来承担罪责导致了她被打死,玛黎安被打死和她选择留下来承担罪责是同时发生的
恶意,关于《恶意》这本小说，野野口修的职业转变是由于?,成为畅销作家,被推荐为教国文老师,恶意陷害,不满现职业生活
恶意,关于《恶意》这本小说，日高邦彦被杀害事件与加贺刑警的调查有何关系？,加贺刑警是案件主要犯罪嫌疑人,加贺刑警是案件的第一发现者,加贺刑警是案件目击者,加贺刑警无关案件调查
恶意,关于《恶意》这本小说，野野口修辞去教职与日高邦彦被杀害事件有何关系？,日高邦彦是野野口修的学生,野野口修的辞职与日高邦彦的死亡时间相同,野野口修辞去教职与日高邦彦的杀害事件无关,日高邦彦是野野口修的上司
恶意,关于《恶意》这本小说，日高邦彦是野野口修的上司,野野口修的笔记帮助加贺刑警找到真凶,加贺刑警根据笔记逮捕了野野口修,事件中没有提及笔记与侦破的关系,加贺刑警不知道笔记的存在
红楼梦,关于《红楼梦》这本小说，贾府发生的火灾导致哪位角色的丧失？,薛宝钗,赵姨娘,林黛玉,贾政
红楼梦,关于《红楼梦》这本小说，故事中的“通灵宝玉”与哪个事件相关？,薛蟠被判误伤,黛玉病重,贾母寿寝,王夫人丧失权力
红楼梦,关于《红楼梦》这本小说，问“黛玉病重”事件和“宝玉思黛玉”事件有什么关系？,两事件间没有明显关联,宝玉思黛玉导致黛玉病重,黛玉病重导致宝玉思黛玉,黛玉病重和宝玉思黛玉是独立事件
红楼梦,关于《红楼梦》这本小说，问“赵姨娘中邪被折磨死”事件和“贾府被抄”事件有什么关系？,两事件间没有明显关联,赵姨娘中邪导致贾府被抄,贾府被抄导致赵姨娘中邪,赵姨娘中邪被折磨死和贾府被抄是独立事件
荒原狼,关于《荒原狼》这本小说，哈瑞・黑勒在魔术剧场中开战和他对军事与工业势力的态度有什么关系？,他想通过暴力手段解决自身矛盾,他试图借魔术剧场表达和平主义立场,他愤怒于剧场中军事象征的存在,他追求戏剧化的生活体验
荒原狼,关于《荒原狼》这本小说，哈瑞・黑勒杀害赫尔米娜和他对婚姻的挫折有什么关系？,他试图通过这个行为解决自己婚姻的矛盾,他对婚姻的不满和挫折驱使了这个行为,他因赫尔米娜介入婚姻生活而产生愤怒,他试图展现对婚姻的理性思考和决定
活着,关于《活着》这本小说，文化大革命事件与徐福贵家庭的遭遇有何关系？,文化大革命导致了徐福贵家庭的贫困,徐福贵家庭成员参与了文化大革命运动,文化大革命加剧了徐福贵家庭成员间的矛盾,徐福贵家庭的遭遇与文化大革命无直接关系
活着,关于《活着》这本小说，徐福贵的赌博行为和家庭破裂事件之间存在何种关系？,赌博行为是导致家庭破裂的主要原因,赌博行为和家庭破裂事件无直接关系,家庭破裂事件导致了徐福贵的赌博行为,赌博行为是家庭破裂事件的结果之一
叫魂,关于《叫魂》这本小说，“叫魂”事件与乾隆皇帝下令严查妖术事件有何种关系？,乾隆皇帝下令严查妖术是《叫魂》的直接导火线,乾隆皇帝下令严查妖术是《叫魂》的结果之一,乾隆皇帝下令严查妖术是《叫魂》中的次要情节,乾隆皇帝下令严查妖术与《叫魂》无关
叫魂,关于《叫魂》这本小说，“叫魂”事件与民间对妖术的惩罚行为事件有何种关系？,民间对妖术的惩罚行为导致了“叫魂”事件的发生,“叫魂”事件导致了民间对妖术的惩罚行为,民间对妖术的惩罚行为是《叫魂》中的主要情节,民间对妖术的惩罚行为与“叫魂”事件无关
教父,关于《教父》这本小说，麦可・柯里昂投笔从戎和柯里昂家族崛起有什么关系？,麦可・柯里昂投笔从戎事件是柯里昂家族崛起的导火索,麦可・柯里昂投笔从戎事件是柯里昂家族衰败的起点,麦可・柯里昂投笔从戎事件和柯里昂家族崛起事件无直接关系,麦可・柯里昂投笔从戎事件是柯里昂家族衰败的导火索
教父,关于《教父》这本小说，麦可・柯里昂刺杀毒贩和重返黑手党有什么关系？,麦可・柯里昂刺杀毒贩事件导致他重返黑手党,麦可・柯里昂刺杀毒贩事件和重返黑手党事件无直接关系,麦可・柯里昂刺杀毒贩事件是他重返黑手党的结果,麦可・柯里昂刺杀毒贩事件和重返黑手党事件互为因果
解忧杂货店,关于《解忧杂货店》这本小说，浪矢杂货店的关闭与月亮兔的谘询有什么关系？,月亮兔是浪矢杂货店的店主,月亮兔的问题导致了浪矢杂货店的关闭,月亮兔是浪矢杂货店的长期顾客,月亮兔与浪矢杂货店无关
解忧杂货店,关于《解忧杂货店》这本小说，披头四的解散与浩介成为披头四的歌迷有什么关系？,浩介的音乐才华导致披头四的解散,披头四的解散使浩介成为他们的歌迷,浩介的音乐才华直接导致披头四的成名,披头四的解散与浩介无关
金色梦乡,关于《金色梦乡》这本小说，为什么标题引用了披头士的同名歌曲？它与故事情节有何联系？,披头士是作者最喜爱的乐队,歌曲歌词与主角的困境相呼应,首相也喜欢披头士的音乐,歌曲与事件无关，只是随意选取
金色梦乡,关于《金色梦乡》这本小说，青柳雅春的辞职和森田森吾的死亡事件有什么关系？,森田死于青柳的手下,森田的死导致雅春的辞职,辞职和死亡都与首相的暗杀有关,两事件之间没有直接关系
金色梦乡,关于《金色梦乡》这本小说，金田首相的暗杀事件和披头士的音乐有什么关系？,音乐是暗杀计划的背景音乐,暗杀事件的调查中使用了音乐线索,音乐是首相的最爱,音乐是首相的婚礼进行曲
绝叫,关于《绝叫》这本小说，铃木阳子的死和“KindNet”组织的活动有什么关系？,她是组织成员,她是该组织的受害者,她是该组织的领导人,她与该组织无关
绝叫,关于《绝叫》这本小说，“KindNet”组织的非法勾当和神代武的犯罪行为有什么关系？,神代武是该组织的创始人,神代武是该组织的义工,神代武与该组织有犯罪勾当勾结,神代武与该组织无关
了不起的盖茨比,关于《了不起的盖茨比》这本小说，盖茨比举办豪华宴会的目的与下列哪个事件有密切关系？,与黛西・布卡南的重逢,尼克・卡拉威搬到西卵村,杰・盖茨比的童年回忆,梅耶・沃尔夫西恩的到来
了不起的盖茨比,关于《了不起的盖茨比》这本小说，盖茨比在纽约购买豪宅的决定与下列哪个事件密切相关？,一战结束,与黛西・布卡南初次相识,梅耶・沃尔夫西恩的建议,尼克・卡拉威搬到长岛
亮剑,关于《亮剑》这本小说，文中描述的李云龙中了18块弹片事件与楚云飞被机枪扫射事件有何关系？,两事件发生在同一战场,两事件发生在不同战役,楚云飞负责救治李云龙伤势,两事件发生时间间隔较长
亮剑,关于《亮剑》这本小说，文中描述的楚云飞与李云龙多次在战场上血光相见事件与楚云飞随国民党去台湾事件有何关系？,两事件发生在同一时期,楚云飞在台湾与李云龙再次相遇,两事件发生在不同战争阶段,楚云飞加入国民党与李云龙为敌人
陆犯焉识,关于《陆犯焉识》这本小说，陆焉识逃跑回家与丹丹放弃芭蕾梦想这两事件之间的关系是？,逃跑回家导致丹丹放弃芭蕾梦想,逃跑回家是丹丹放弃芭蕾梦想的结果,逃跑回家与丹丹放弃芭蕾梦想无关,逃跑回家让丹丹坚定了芭蕾梦想
陆犯焉识,关于《陆犯焉识》这本小说，陆焉识平反回家和冯婉瑜患病不认识他这两事件之间的关系是？,平反回家但是冯婉瑜患病不认识他,平反回家是冯婉瑜患病不认识他的原因,平反回家与冯婉瑜患病不认识他无关,平反回家让冯婉瑜患病不认识他
麦琪的礼物,关于《麦琪的礼物》这本小说，麦琪卖掉头发事件和妻子买表链事件有什么关系？,麦琪卖掉头发用得来的钱正好能购买表链,麦琪卖掉头发是为了让丈夫能够买到表链,麦琪卖掉头发和妻子买表链两事件无直接关系,麦琪卖掉头发后妻子决定不买表链
麦琪的礼物,关于《麦琪的礼物》这本小说，丈夫卖掉金表事件和妻子买表链事件有什么关系？,丈夫卖掉金表为了妻子能够买到表链,丈夫卖掉金表后妻子决定不再买表链,丈夫卖掉金表后妻子也卖了首饰以购买表链,丈夫卖掉金表和妻子买表链两事件无直接关系
美丽新世界,关于《美丽新世界》这本小说，为了稳定社会，哪个元年成为了文明社会的纪年单位？,亨利・福特的出生年,亨利・福特的第一辆T型车上市年份,威廉・莎士比亚的出生年,约翰・列侬的出生年
美丽新世界,关于《美丽新世界》这本小说，社会制度和人类种姓制度有什么关系？,社会制度是种姓制度的基础,种姓制度是社会制度的基础,社会制度和种姓制度无关,种姓制度只是社会制度的一部分
美丽新世界,关于《美丽新世界》这本小说，野蛮人约翰的对莎士比亚作品的热爱与他的行为观念之间有什么关系？,他的行为观念受莎士比亚作品启发,他的行为观念与莎士比亚作品无关,他的行为观念使他对莎士比亚作品产生兴趣,他的行为观念与莎士比亚作品矛盾
面纱,关于《面纱》这本小说，Walter和KittyFane的婚姻最初建立在什么基础上？,真爱,社会压力,家族联姻,亲情
面纱,关于《面纱》这本小说，Kitty搭上英国外交官与之后搬到霍乱肆虐的农乡这两个事件有什么关系？,她搭上英国外交官导致霍乱疫情,她搭上英国外交官是为了逃避霍乱,她搭上英国外交官是为了寻找医疗帮助,她搭上英国外交官是为了追求社会地位
面纱,关于《面纱》这本小说，Walter决定搬到霍乱肆虐的农乡与随后每天与死亡和绝望擦身而过这两个事件有什么关系？,他搬到农乡是为了寻找新的研究对象,他搬到农乡是为了逃避社会压力,他搬到农乡是为了疫情研究,他搬到农乡是为了寻求心灵寄托
尼罗河上的惨案,关于《尼罗河上的惨案》这本小说，哪个事件最终解开了谜底，揭示了真相？,落石事件,手枪失踪,琳奈被射击,露易丝的死
孽子,关于《孽子》这本小说，李青被退学和他流落入新公园的事件之间有什么关系？,李青流落新公园是因为退学导致无家可归,李青被退学是因为在新公园发生了事件,李青流落新公园和被退学是无关的两个事件,李青被退学是因为在学校遭遇不幸
孽子,关于《孽子》这本小说，阿凤被杀害和龙子被送往美国之间有什么关系？,龙子被送往美国是为了躲避阿凤的复仇,龙子被送往美国是为了逃避法律制裁,阿凤被杀害导致龙子被送往美国,阿凤被杀害和龙子被送往美国是无关的两个事件
平凡的世界（全三部）,关于《平凡的世界（全三部）》这本小说，孙少平的工作变动和田福军的职务提升有什么关系？,孙少平的工作变动导致田福军职务提升,田福军的职务提升导致孙少平的工作变动,两者之间无关联,田福军的职务提升是孙少平工作变动的结果
平凡的世界（全三部）,关于《平凡的世界（全三部）》这本小说，田晓霞的牺牲与洪水灾害有什么关系？,田晓霞的牺牲是洪水灾害的直接原因,洪水灾害导致了田晓霞的牺牲,两者之间无关联,洪水灾害是田晓霞牺牲的直接原因
强风吹拂,关于《强风吹拂》这本小说，清濑灰二和阿走初次相遇时的情景和他们成为竹青庄住民之间有何关系？,清濑灰二向阿走道别,阿走受邀前往竹青庄,清濑灰二帮助阿走寻找住处,阿走参加赛跑比赛
强风吹拂,关于《强风吹拂》这本小说，阿走在竹青庄遇到清濑灰二和加入竹青庄之间有何关系？,阿走被清濑灰二救助,阿走参加竹青庄的比赛,阿走离开竹青庄,阿走发现竹青庄的住户秘密
倾城之恋,关于《倾城之恋》这本小说，白流苏的婚姻失败事件和她回归娘家事件有什么关系？,因果,并行,无关,递进
倾城之恋,关于《倾城之恋》这本小说，范柳原被日军轰炸困在香港事件和白流苏决定留在香港事件有什么关系？,导致白流苏留在香港,和范柳原被困在香港是同时发生的,无关,推迟白流苏离开香港
情书,关于《情书》这本小说，渡边博子的回忆事件和她与藤井树的相遇事件有什么关系？,渡边博子的回忆事件导致了她与藤井树的相遇,渡边博子的回忆事件是她与藤井树的初次相遇,她与藤井树的相遇事件引发了她的回忆,渡边博子的回忆事件与她与藤井树的相遇无关
球状闪电,关于《球状闪电》这本小说，何种事件使得美国结束了与中国的战争？,中国的反击,聚变实验失败,战争疲劳,电子设备大面积损毁
球状闪电,关于《球状闪电》这本小说，陈博士的研究成果与战争中使用的武器有什么关系？,相互无关,陈博士的研究成果为战争提供了新型武器,战争没有使用陈博士的研究成果,陈博士的研究成果导致战争结束
球状闪电,关于《球状闪电》这本小说，林云擅自启动宏核聚变试验与美国结束与中国的战争有什么关系？,两事件无关,林云的行为导致美国结束战争,林云的行为与战争无直接关系,林云的行为导致战争升级
三体,关于《三体》这本小说，叶文洁向外太空发送信号和三体文明确认地球位置有什么关系？,信号导致三体文明向地球发起进攻,信号引起三体文明对地球产生兴趣,信号使三体文明决定逃离其毁灭的星系,信号被三体文明忽略，不产生影响
三体,关于《三体》这本小说，地球科技被“智子”技术锁死和三体文明开始向地球移民有什么关系？,“智子”技术使三体文明更容易适应地球环境,“智子”技术是三体文明用来攻击地球的武器,“智子”技术是三体文明用来干扰地球科技发展的工具,“智子”技术使三体文明对地球感到威胁，推动移民计划
杀死一只知更鸟,关于《杀死一只知更鸟》这本小说，汤姆・鲁滨逊的审判和梅薏拉・尤厄尔的指控有什么关系？,梅薏拉指控汤姆对她进行强奸，导致汤姆面临审判,梅薏拉指控汤姆偷窃她家财物，导致汤姆面临审判,梅薏拉指控汤姆威胁她的生命安全，导致汤姆面临审判,梅薏拉指控汤姆对她进行伤害，导致汤姆面临审判
杀死一只知更鸟,关于《杀死一只知更鸟》这本小说，杰姆和斯各特被鲍伯・尤厄尔袭击和布・拉德力介入有什么关系？,布・拉德力及时赶到，保护了杰姆和斯各特，使他们免受伤害,布・拉德力向警察提供了线索，帮助破获袭击事件,杰姆和斯各特向布・拉德力求助，布・拉德力前来帮助他们，化解危机,布・拉德力参与了袭击事件，但后来意识到错误，前来道歉并帮助杰姆和斯各特
射雕英雄传,关于《射雕英雄传》这本小说，郭靖和黄蓉重逢后，在第二次华山论剑中发生了什么事件？,郭靖击败欧阳锋并夺回九阴真经,郭靖被封为武林盟主,郭靖和黄蓉正式结为夫妻,郭靖向黄药师请教武学心得
射雕英雄传,关于《射雕英雄传》这本小说，丘处机刺杀王道乾和牛家村相识郭啸天及杨铁心有什么关系？,丘处机是郭啸天的亲生父亲,丘处机刺杀王道乾后寻找藏匿于牛家村的郭啸天和杨铁心,丘处机是牛家村的村长,丘处机帮助牛家村修建一座寺庙
射雕英雄传,关于《射雕英雄传》这本小说，郭靖击败欧阳锋并夺回九阴真经和重逢黄蓉后的行动有什么关系？,郭靖夺回九阴真经后与黄蓉一同逃脱欧阳锋的追击,郭靖在夺回九阴真经后立即去寻找黄蓉,郭靖击败欧阳锋后向黄蓉求婚,郭靖夺回九阴真经后与黄蓉共同制定新的武学计划
神雕侠侣,关于《神雕侠侣》这本小说，杨过救出小龙女后，他们在古墓中发现了一位老妇人。请问，这位老妇人与哪个事件有关系？,与小龙女决战绝情谷的事件,与杨过投靠金轮国师的事件,与公孙止的遭遇事件,与郭襄被掳走的事件
神雕侠侣,关于《神雕侠侣》这本小说，在终南山古墓，杨过偷听到了赵志敬和甄志丙的秘密，导致小龙女离开。这两个事件之间有何关系？,小龙女愤怒赵志敬和甄志丙的所作所为,赵志敬和甄志丙欺骗小龙女，导致误解产生,小龙女认为杨过背叛了她，因此离开,赵志敬和甄志丙利用小龙女与杨过的关系进行算计
鼠疫,关于《鼠疫》这本小说，阿尔及利亚奥兰的瘟疫爆发事件与小人物成为城中风云人物事件有什么关系？,小人物成为城中风云人物是瘟疫爆发的原因,小人物成为城中风云人物是瘟疫爆发的结果,小人物成为城中风云人物与瘟疫爆发无关,小人物成为城中风云人物导致瘟疫爆发
鼠疫,关于《鼠疫》这本小说，主角Rieux医师救助病人事件与政客掩饰诿过事件有什么关系？,政客掩饰诿过导致了Rieux医师救助病人,Rieux医师救助病人促使了政客掩饰诿过,政客掩饰诿过与Rieux医师救助病人无关,政客掩饰诿过和Rieux医师救助病人同时发生
树上的男爵,关于《树上的男爵》这本小说，柯希莫的父母对他的严格管教和他爬上树的行为之间有何关系？,父母的严格管教导致了柯希莫的叛逆行为,父母的严格管教使柯希莫更加顺从家庭规则,父母的严格管教促使柯希莫更加尊重动物,父母的严格管教与柯希莫爬上树无关
树上的男爵,关于《树上的男爵》这本小说，柯希莫与自然界生物的建立密切关系和他对爱情的追求之间有何关系？,柯希莫的与自然界生物的关系影响了他对爱情的态度,柯希莫对爱情的追求影响了他与自然界生物的交往,柯希莫对爱情的追求使他疏远了与自然界生物的关系,柯希莫与自然界生物的关系与他对爱情的追求无关
树上的男爵,关于《树上的男爵》这本小说，卡尔维诺加入意大利共产党和他开始文学创作之间的事件关系是什么？,卡尔维诺的共产主义信仰直接影响了他的文学创作主题和风格,卡尔维诺的文学创作启示了他加入共产党的决定,卡尔维诺加入共产党导致了他暂时停止文学创作,卡尔维诺的文学创作与他加入共产党无关
水浒传,关于《水浒传》这本小说，梁山泊起义和晁盖成为梁山首领的事件有什么关系？,梁山泊起义是导致晁盖成为梁山首领的原因,晁盖成为梁山首领是梁山泊起义的结果,两事件间没有直接关系,晁盖成为梁山首领使得梁山泊起义得以成功
水浒传,关于《水浒传》这本小说，梁山泊好汉接受招安和朝廷镇压方腊起义的事件有什么关系？,接受招安导致朝廷镇压方腊起义,朝廷镇压方腊起义使梁山泊好汉接受招安,两事件间没有直接关系,接受招安和朝廷镇压方腊起义是独立发生的事件
水浒传,关于《水浒传》这本小说，晁盖被擒获和梁山好汉归顺朝廷的事件有什么关系？,晁盖被擒获导致梁山好汉归顺朝廷,梁山好汉归顺朝廷导致晁盖被擒获,两事件间没有直接关系,晁盖被擒获和梁山好汉归顺朝廷是独立发生的事件
水浒传,关于《水浒传》这本小说，宋江领梁山泊好汉攻破大名府和朝廷派遣高俅征讨梁山泊的事件有什么关系？,大名府攻破导致朝廷派遣高俅征讨梁山泊,朝廷派遣高俅征讨梁山泊导致大名府攻破,两事件间没有直接关系,大名府攻破和朝廷派遣高俅征讨梁山泊是同时发生的事件
苏菲的世界,关于《苏菲的世界》这本小说，苏菲收到古怪的明信片和她开始学习哲学有什么关系？,古怪的明信片启发了她对哲学的兴趣,她学习哲学后才收到古怪的明信片,古怪的明信片是她学习哲学的原因,两个事件没有直接关系
苏菲的世界,关于《苏菲的世界》这本小说，苏菲发现自己是虚构角色和她学习中世纪哲学有什么关系？,她发现自己是虚构角色后开始学习中世纪哲学,她学习中世纪哲学后才发现自己是虚构角色,两个事件没有直接关系,她发现自己是虚构角色并没有影响她学习哲学
围城,关于《围城》这本小说，方鸿渐购买虚构的“克莱登大学”博士学位证书和什么事件有关？,离开上海,出国求学,与鲍小姐相识,与孙柔嘉结婚
围城,关于《围城》这本小说，方鸿渐离开三闾大学回到上海与什么事件有关？,孙柔嘉的病情,与赵辛楣的纠纷,辞去报馆工作,结识苏文纨
天龙八部,关于《天龙八部》这本小说，萧峰助辽帝平叛与他自杀悲剧结局之间存在什么样的关系？,自杀悲剧结局是萧峰助辽帝平叛的结果。,萧峰助辽帝平叛是自杀悲剧结局的结果。,萧峰助辽帝平叛是自杀悲剧结局的条件。,自杀悲剧结局是萧峰助辽帝平叛的条件。
天龙八部,关于《天龙八部》这本小说，虚竹得知自己是玄慈私生子与他成为灵鹫宫新尊主之间存在什么样的关系？,成为灵鹫宫新尊主是虚竹得知自己是玄慈私生子的结果。,虚竹得知自己是玄慈私生子是成为灵鹫宫新尊主的结果。,虚竹得知自己是玄慈私生子是成为灵鹫宫新尊主的条件。,成为灵鹫宫新尊主是虚竹得知自己是玄慈私生子的条件。
西线无战事,关于《西线无战事》这本小说，保罗・博伊默尔被派往前线作战和他在学校里接受的激励之间有何关系？,直接因果关系,间接因果关系,无关系,反向因果关系
西游记,关于《西游记》这本小说，孙悟空大闹天宫事件与唐僧取经事件有什么关系？,孙悟空大闹天宫导致唐僧取经,孙悟空大闹天宫阻碍了唐僧取经,两事件之间无关系,孙悟空是唐僧的徒弟
西游记,关于《西游记》这本小说，唐僧师徒抵达天竺边境与唐僧取得无上真经事件有什么关系？,抵达天竺边境后取得无上真经,抵达天竺边境是取得无上真经的前提,两事件之间无关系,抵达天竺边境是无上真经的障碍
西游记,关于《西游记》这本小说，悉达多的离家和成为苦行僧事件与他在城市遇见伽摩拉的事件有什么关系？,伽摩拉的教导使悉达多重新考虑离家决定,伽摩拉的出现导致悉达多更加坚定成为苦行僧,悉达多的离家事件完全不影响他在城市遇见伽摩拉,悉达多在城市遇见伽摩拉后立即放弃苦行僧生活
西游记,关于《西游记》这本小说，悉达多的富裕生活和他决定过低调生活的事件有什么关系？,悉达多决定低调生活是为了再次追求富裕,富裕生活使悉达多认识到物质并非他所追求,富裕生活使悉达多变得傲慢自满，不再追求更多,低调生活是为了回避伽摩拉对他的影响
嫌疑人X的献身,关于《嫌疑人X的献身》这本小说，旧江户川中的尸体事件与故事中的哪个事件有关系？,富?慎二突然造访,花冈母女的冲突,石神的建议,汤川学的介入
香水,关于《香水》这本小说，格勒努耶的早年经历与他隐居康塔尔山脉的事件有什么关系？,早年经历塑造了格勒努耶对香味的痴迷，推动了他寻求隐居生活。,早年经历使格勒努耶逐渐变得孤僻，导致他选择隐居康塔尔山脉。,早年经历让格勒努耶对社会感到绝望，促使他选择隐居康塔尔山脉。,早年经历让格勒努耶对香味产生兴趣，但与他隐居康塔尔山脉无直接关系。
香水,关于《香水》这本小说，格勒努耶与朱塞佩・巴尔迪尼的学徒生活与他杀害年轻女子的事件有什么关系？,格勒努耶在学徒生活中学到了制作特殊香水的技巧，推动了他杀害年轻女子。,学徒生活让格勒努耶对社会产生憎恨，推动了他杀害年轻女子。,格勒努耶在学徒生活中受到了巴尔迪尼的操控，促使他杀害年轻女子。,学徒生活让格勒努耶对香味产生兴趣，但与他杀害年轻女子无直接关系。
象棋的故事,关于《象棋的故事》这本小说，“船夫的儿子成为象棋世界冠军”事件和“B博士加入象棋对局”事件有什么关系？,船夫的儿子受到B博士的指导成为象棋世界冠军,B博士是船夫的儿子的象棋老师,B博士参与象棋对局导致船夫的儿子被发现象棋才能,船夫的儿子在象棋对局中战胜B博士
象棋的故事,关于《象棋的故事》这本小说，“我”采取小伎俩获得与象棋世界冠军对弈的事件和“B博士的参与象棋对局”事件有什么关系？,B博士提出了“我”与象棋世界冠军对弈的建议,“我”利用小伎俩吸引了B博士的注意，进而邀请象棋世界冠军对弈,B博士阻止了“我”与象棋世界冠军的对弈,“我”向B博士请教象棋策略，然后与象棋世界冠军对弈
小王子,关于《小王子》这本小说，小王子离开星球和与玫瑰闹别扭的事件有什么关系？,两事件没有直接关联,离开星球导致与玫瑰闹别扭,与玫瑰闹别扭导致离开星球,离开星球是为了逃避与玫瑰的矛盾
小王子,关于《小王子》这本小说，小王子与地理学家的相遇与小王子对其他星球的探索事件有什么关系？,两事件没有直接关联,与地理学家相遇启发了小王子对其他星球的探索,小王子对其他星球的探索引导了他与地理学家的相遇,与地理学家相遇让小王子放弃了对其他星球的探索
肖申克的救赎,关于《肖申克的救赎》这本小说，安迪・杜弗伦被判处无期徒刑和他洗钱逃跑这两个事件有什么关系？,洗钱逃跑是安迪为了躲避判刑而进行的犯罪行为,洗钱逃跑是安迪为了改善监狱条件而进行的行动,安迪洗钱逃跑是为了寻找更好的生活机会,安迪洗钱逃跑是为了揭露监狱腐败体制
肖申克的救赎,关于《肖申克的救赎》这本小说，布鲁克斯・哈特伦获得假释和他的自杀这两个事件有什么关系？,假释使得布鲁克斯无法适应外界生活，最终选择自杀,假释给予了布鲁克斯新生活机会，但他因别的原因选择自杀,假释导致布鲁克斯感到无法自立，最终选择自杀,假释使得布鲁克斯心情愉悦，未料到他最终会选择自杀
笑傲江湖,关于《笑傲江湖》这本小说，《辟邪剑谱》和福威镖局灭门有什么关系？,是福威镖局灭门事件的前因,是福威镖局灭门事件的结果,和福威镖局灭门事件无直接关系,是福威镖局灭门事件的同时发生
笑傲江湖,关于《笑傲江湖》这本小说，令狐冲失明事件和岳不群被擒事件有什么关系？,是岳不群被擒事件的结果,是岳不群被擒事件的前因,和岳不群被擒事件无直接关系,和岳不群被擒事件是同时发生的
许三观卖血记,关于《许三观卖血记》这本小说，许三观卖血和他娶许玉兰有什么关系？,卖血赚钱导致了娶许玉兰,娶许玉兰导致了卖血事件,两事件无直接关系,卖血事件和娶许玉兰是同时发生的
许三观卖血记,关于《许三观卖血记》这本小说，许三观得知儿子真正身份的事件和他再次卖血的事件有什么关系？,知道儿子真正身份导致了再次卖血,再次卖血导致了知道儿子真正身份,两事件无直接关系,知道儿子真正身份和再次卖血是同时发生的
雪山飞狐,关于《雪山飞狐》这本小说，雪山飞狐胡斐与胡一刀的武术传承事件与故事中的哪个关键事件有何关系？,苗人凤之死,铁盒抢夺战,李自成的起义,宝刀与地图的揭示
雪山飞狐,关于《雪山飞狐》这本小说，苗若兰的真实身份事件与哪个事件有直接关系？,李自成的起义,胡一刀与苗人凤的比试,胡斐救苗人凤,宝刀与地图的揭示
一个叫欧维的男人决定去死,关于《一个叫欧维的男人决定去死》这本小说，欧维的自杀意图与帕瓦内的到来之间有何关系？,帕瓦内挫败了欧维的自杀计划,帕瓦内加剧了欧维的抑郁情绪,帕瓦内是欧维自杀的原因,帕瓦内与自杀意图无关
一个叫欧维的男人决定去死,关于《一个叫欧维的男人决定去死》这本小说，索尼娅的意外事故对欧维的人生态度产生了什么影响？,增强了对家庭的依赖,激发了对新生活的追求,引发了对社会的不信任,导致了对自我放逐
一句顶一万句,关于《一句顶一万句》这本小说，吴摩西走出延津与哪个事件有关？,与养女失踪事件有关,与牛爱国寻找朋友事件有关,与河南开封的历史事件有关,与沁源的特定时间有关
一桩事先张扬的凶杀案,关于《一桩事先张扬的凶杀案》这本小说，新娘的退婚和新娘的两个哥哥拿着杀猪刀有什么关系？,新娘的退婚导致了哥哥们愤怒，决定复仇,新娘的退婚是哥哥们精心策划的谋杀计划,哥哥们事先知晓新娘的退婚，因此准备复仇,新娘的退婚与哥哥们的行动无关
一桩事先张扬的凶杀案,关于《一桩事先张扬的凶杀案》这本小说，凶杀案和富商巴亚尔多・圣罗曼发现新娘不是处女有什么关系？,凶杀案和富商的发现是纯属巧合，没有直接关系,富商的发现直接引发了凶杀案的发生,富商的发现让小镇居民对新娘失去尊重，间接影响了凶杀案,凶杀案与富商的发现完全无关
月亮与六便士,关于《月亮与六便士》这本小说，思特里克兰德的离家去巴黎和开始追求绘画的事件有什么关系？,他离家是因为在巴黎有更好的绘画机会,他开始追求绘画后才离家去巴黎,他在巴黎得到了灵感，才开始追求绘画,他的离家与绘画无关
月亮与六便士,关于《月亮与六便士》这本小说，思特里克兰德的失明和完成巨型壁画的事件有什么关系？,失明直接导致了他完成壁画,完成壁画后不久他失明,他在失明前完成了壁画,失明和完成壁画是无关的两个事件
云边有个小卖部,关于《云边有个小卖部》这本小说，外婆患癌症与刘十三离开故乡这两个事件之间有着什么样的关系？,外婆患癌症是刘十三离开的原因,外婆患癌症是刘十三回乡的原因,外婆患癌症是刘十三坚持学业的动力,外婆患癌症与刘十三离开故乡无关
云边有个小卖部,关于《云边有个小卖部》这本小说，刘十三回乡与刘十三努力学习这两个事件之间有着什么样的关系？,均是刘十三的青少年时期经历,刘十三回乡导致了刘十三努力学习,刘十三努力学习导致了刘十三回乡,这两个事件无明显关联
长安的荔枝,关于《长安的荔枝》这本小说，荔枝运输和唐朝政治局势有什么关系？,荔枝运输事件直接导致政治动荡,政治局势影响了荔枝运输的顺利进行,政治稳定与荔枝运输无直接关系,荔枝运输事件导致政治改革
长安的荔枝,关于《长安的荔枝》这本小说，荔枝运输和主人公李善德的家庭生活有什么关系？,荔枝运输事件使李善德疏远了家人,家庭生活影响了李善德对荔枝运输的态度,荔枝运输事件让李善德更加珍惜家庭,家庭生活对荔枝运输事件没有影响
长日将尽,关于《长日将尽》这本小说，史蒂文斯在达林顿府工作与他最终在海边悔悟的事件有什么关系？,两者无关,工作经验促使他反思自己的人生,海边的经历直接导致他离开达林顿府,海边的经历使他更加坚定了为达林顿府服务的决心
长日将尽,关于《长日将尽》这本小说，史蒂文斯长期为达林顿勋爵服务与他与肯顿小姐的感情事件有什么关系？,两者无关,为达林顿勋爵服务导致了他无法追求感情,为达林顿勋爵服务使他更有信心表白自己的感情,为达林顿勋爵服务导致他无法产生感情
追风筝的人,关于《追风筝的人》这本小说，阿米尔在童年时目睹了什么令他感到内疚的事件？,一场火灾,婚礼仪式,母亲的去世,哈桑的遭遇
追风筝的人,关于《追风筝的人》这本小说，苏联入侵阿富汗事件和阿米尔逃往美国事件有什么关系？,阿米尔逃离苏联占领的阿富汗,阿米尔为了逃避战乱而选择离开阿富汗,阿米尔成为了苏联的间谍,阿米尔反对了苏联的侵略行为
最好的我们,关于《最好的我们》这本小说，耿耿进入振华高中和结识余淮这两事件有什么关系？,耿耿进入振华高中是为了认识余淮,耿耿进入振华高中是偶然的机会，与余淮结识是巧合,耿耿进入振华高中是为了逃避家庭问题,耿耿进入振华高中是她的志愿选择
罪与罚,关于《罪与罚》这本小说，为什么拉斯柯尔尼科夫在典当商的公寓未能实施犯罪？,他突然改变了主意,典当商不在家,他被警察拦下,他遇到了意外的困难
无人生还,关于《无人生还》这本小说，故事中儿歌与每位客人死亡情境的联系是什么？,儿歌的暗示,受害者的特定心理状态,受害者的独特罪行,预示未来的事件
我的天才女友,关于《我的天才女友》这本小说，莉拉的婚姻选择与她梦想中的手工鞋店有什么关系？,莉拉的婚姻选择是为了更好地实现她的手工鞋店梦想,莉拉的婚姻选择与她的手工鞋店梦想无关,莉拉的婚姻选择导致她放弃了手工鞋店梦想,莉拉的婚姻选择使她更加坚定了手工鞋店梦想
我的天才女友,关于《我的天才女友》这本小说，埃莱娜继续学业与奥利维耶罗老师的帮助有什么关系？,奥利维耶罗老师鼓励了埃莱娜继续学业,埃莱娜继续学业与奥利维耶罗老师无关,埃莱娜继续学业使奥利维耶罗老师感到失望,埃莱娜继续学业使奥利维耶罗老师感到满意
斯通纳,关于《斯通纳》这本小说，斯通纳的婚姻失败主要是因为什么？,内外因素的干涉,缺乏沟通和理解,无法克服困难,所有选项都是正确的
斯通纳,关于《斯通纳》这本小说，威廉・斯通纳进入密苏里大学学习农学与后来成为大学老师有什么关系？,农学课程帮助他成为大学老师,大学学习激发了他对文学的兴趣,大学学习让他迷失了方向,农学课程与成为大学老师无关
斯通纳,关于《斯通纳》这本小说，斯通纳的妻子离他而去与他的事业发展有什么关系？,事业发展使他们关系疏远,事业发展让他们更加亲近,妻子的离去促使他事业上更有动力,妻子的离去与事业发展无关
受戒,关于《受戒》这本小说，明海接受戒礼和他受戒前的活动有什么关系？,因果关系,时间先后关系,空间关系,前因后果关系
梦里花落知多少,关于《梦里花落知多少》这本小说，林岚的派对和白松开始交往有什么关系？,林岚的派对是白松和林岚相识的场合,林岚的派对是白松向林岚表白的场合。,林岚的派对是白松和李茉莉正式公开交往的场合。,林岚的派对是白松和闻婧相识的场合。
梦里花落知多少,关于《梦里花落知多少》这本小说，林岚与陆叙在上海重逢和林岚邀请陆叙住进她的房子有什么关系？,林岚与陆叙在上海重逢后，林岚主动邀请陆叙住进她的房子。,林岚与陆叙在上海重逢后，陆叙提出要住进林岚的房子。,林岚与陆叙在上海重逢后，他们一起决定搬到林岚的房子住。,林岚与陆叙在上海重逢后，他们共同选择搬到上海的新房子住。
骆驼祥子,关于《骆驼祥子》这本小说，造成祥子人生理想破灭的主要事件是什么？,被侦探敲诈、洗劫一空,虎妞死于难产,小福子的自杀,三匹骆驼被抢走
鹿鼎记,关于《鹿鼎记》这本小说，韦小宝被封为鹿鼎公的事件与下列哪个事件存在直接关系？,韦小宝被封为远东伯爵,韦小宝成功解救建宁公主,韦小宝潜入皇宫冒充太监,韦小宝被封为天地会总舵主
鹿鼎记,关于《鹿鼎记》这本小说，韦小宝被封为天地会总舵主的事件与下列哪个事件存在直接关系？,韦小宝奉陈近南之命回宫卧底,韦小宝被封为鹿鼎公,韦小宝被洪安通抓获,韦小宝成功解救建宁公主
房思琪的初恋乐园,关于《房思琪的初恋乐园》这本小说，思琪在精神病院发疯和她经历的羞辱有什么关系？,思琪找到了内心的平静和安宁,思琪开始反抗精神病院的虐待,思琪与怡婷再次见面,思琪被送入精神病院
房思琪的初恋乐园,关于《房思琪的初恋乐园》这本小说，怡婷目睹思琪南辕北辙和她对思琪的观察有什么关系？,怡婷对思琪的嫉妒加深,怡婷意识到思琪的困境,怡婷向思琪伸出援手,怡婷告诉李国华思琪的状况
窗边的小豆豆,关于《窗边的小豆豆》这本小说，小豆豆被原学校退学与她来到巴学园的事件有什么关系？,她被退学是因为在巴学园遇到了问题,她被退学导致了她来到巴学园,她被退学与来到巴学园无关,她来到巴学园是自愿的
窗边的小豆豆,关于《窗边的小豆豆》这本小说，“巴学园”中午餐特色与校长询问“海的味道”和“山的味道”有什么关系？,校长的问题与午餐特色无关,校长提问影响了午餐特色的选择,午餐特色是根据校长的口味选择的,校长的问题是午餐特色的来源
茶馆,关于《茶馆》这本小说，裕泰茶馆的常四爷被抓走后，茶馆的生意如何受到影响？,生意繁荣，客流增加,生意持平，客人不受影响,生意清淡，客人减少,生意崩溃，关门停业
茶馆,关于《茶馆》这本小说，裕泰茶馆开业和戊戌变法有什么关系？,裕泰茶馆是戊戌变法的结果,裕泰茶馆受戊戌变法启发,裕泰茶馆是戊戌变法的背景,裕泰茶馆与戊戌变法无关
茶馆,关于《茶馆》这本小说，茶馆衰败和抗日战争胜利有什么关系？,茶馆衰败是抗日战争的结果,茶馆衰败与抗日战争无关,茶馆衰败是为抗日战争做准备,茶馆衰败是对抗日战争的回应
草房子,关于《草房子》这本小说，油麻地的建设工程和故事中的孩子们的痛苦成长历程有什么关系？,油麻地的建设工程影响了孩子们的学习环境,孩子们参与了油麻地的建设工程,油麻地的建设工程改变了孩子们的家庭背景,孩子们对油麻地的建设工程持反对态度
草房子,关于《草房子》这本小说，蒋一轮的教育方法和少年少女之间的纯情有什么关系？,蒋一轮的教育方法影响了少年少女的感情交往,少年少女受到蒋一轮的教育影响而改变了态度,蒋一轮的教育方法是为了培养少年少女的友谊,少年少女对蒋一轮的教育方法不感兴趣
边城,关于《边城》这本小说，天保提前托媒人提亲是因为他爱上了谁？,顺顺,翠翠,老船夫,傩送
边城,关于《边城》这本小说，翠翠与傩送相遇和老船夫去世有什么关系？,相遇事件导致老船夫去世,相遇事件与老船夫去世无关,相遇事件发生在老船夫去世之后,相遇事件发生在老船夫去世之前
边城,关于《边城》这本小说，船总顺顺冷淡对待翠翠和傩送去做生意并淹死有什么关系？,船总冷淡导致傩送去做生意并淹死,船总冷淡是傩送去做生意的原因,船总冷淡发生在傩送去做生意之后,船总冷淡发生在傩送去做生意之前
白夜行,关于《白夜行》这本小说，雪穗的母亲及其“母亲的情人”相继死去的原因是什么？,意外事故,桐原亮司的复仇,疾病,自然灾害
白鹿原,关于《白鹿原》这本小说，鹿三杀死田小娥和白孝文成为族长有什么关系？,白孝文成为族长后派遣鹿三杀死田小娥,鹿三杀死田小娥导致白孝文成为族长,鹿三杀死田小娥与白孝文成为族长无关,白孝文成为族长后阻止了鹿三杀死田小娥
白鹿原,关于《白鹿原》这本小说，黑娃投奔革命军和鹿子霖败家堕落有什么关系？,黑娃投奔革命军是为了拯救鹿子霖的家庭,事件鹿子霖败家堕落导致黑娃投奔革命军,事件黑娃投奔革命军与事件鹿子霖败家堕落无关,黑娃投奔革命军是为了寻求自己的政治出路
霸王别姬,关于《霸王别姬》这本小说，“小楼被小四陷害”事件与下列哪个事件有关系？,小四成为蝶衣的舞台搭档,菊仙被官僚袁世卿玩弄,蝶衣被关师傅训斥,小豆子进入关家戏班学戏
霸王别姬,关于《霸王别姬》这本小说，“蝶衣自刎”事件与下列哪个事件有关系？,小豆子进入关家戏班学戏,菊仙被官僚袁世卿玩弄,小楼被小四陷害,蝶衣娶妓女菊仙为妻
遥远的向日葵地,关于《遥远的向日葵地》这本小说，该书讲述了李娟一家在乌伦古河哪一边种向日葵的生活经历,南岸,北岸,东岸,西岸
长日将尽,关于《长日将尽》这本小说，小说围绕着史蒂文斯几天驾车旅行展开,1天,2天,5天,6天
温柔的夜,关于《温柔的夜》这本小说，该书讲述了三毛在什么地方的生活,加纳利群岛,菲律宾群岛,舟山群岛,西沙群岛
不能承受的生命之轻,关于《不能承受的生命之轻》这本小说，小说讲述的是什么故事,童话故事,职场故事,农村故事,三角性爱故事
恶意,关于《恶意》这本小说，该小说想要传递什么主旨思想？,人性的黑暗,永存的善意,梦想的力量,拼搏的精神
解忧杂货店,关于《解忧杂货店》这本小说，书中写下烦恼投进偷信口，第二天可以在哪里得到回答,牛奶箱,投信口,门口,自己家中
水浒传,关于《水浒传》这本小说，《水浒传》中多处提到宋太祖武德皇帝昔日曾留下旧制：新发配充军到的罪犯，须吃一百杀威棒。,林冲,宋江,武松,以上都是
一个陌生女人的来信,关于《一个陌生女人的来信》这本小说，小说以什么形式讲述了女子写下信件,书信,自传,叙述文,议论文
肖申克的救赎,关于《肖申克的救赎》这本小说，什么支撑着肖申克的信念？,对人性的信任,对自由的向往,对梦想的追求,对自己的信心
一个叫欧维的男人决定去死,关于《一个叫欧维的男人决定去死》这本小说，书中为什么有欧维在小区中巡逻的情节,并无意义,作者习惯,填充书籍字数,突显人物性格
水浒传,关于《水浒传》这本小说，梁山好汉中有几位初次上梁山却未入伙的好汉是,卢俊义,雷横,杨志,以上都是
温柔的夜,关于《温柔的夜》这本小说，在加纳利群岛，什么体验为三毛的创作注入了如水般的柔情与丰博,充满烟火气的海边生活,充满烟火气的小镇生活,美妙的海上生活,艰苦的岛上生活
苏菲的世界,关于《苏菲的世界》这本小说，最终艾伯特和苏菲逃出书中世界，来到了什么世界,席德所在的世界,现实世界,悲惨世界,理想世界
一句顶一万句,关于《一句顶一万句》这本小说，巧玲被卖到什么地方成了曹青娥,陕西,山西,山东,新疆
2001：太空漫游,关于《2001：太空漫游》这本小说，第一块黑石版的目的是什么？,探索宇宙的未知事物,研究地球外存在的智能生物,收集宇宙信息,促进智慧生命的演化
2001：太空漫游,关于《2001：太空漫游》这本小说，为什么飞船改变了原定的任务目的地？,因为船上的人工智慧电脑发生故障,因为船上的人工智慧电脑发生故障,因为木星提供了更快、更省燃料的加速机会,因为任务控制中心下达了新的指令
2001：太空漫游,关于《2001：太空漫游》这本小说，星童的最终目的是什么？,探索火星,探索太阳系外的星际空间,寻找新的太空航行技术,探索地球
2001：太空漫游,关于《2001：太空漫游》这本小说，故事中黑石版的数量共有几块？,一块,两块,三块,四块
百年孤独,关于《百年孤独》这本小说，乌尔苏拉・伊瓜兰对马康多村庄的发展起到了怎样的作用？,推动现代化发展,维持家族传统,引发社区分裂,造成人口减少
百年孤独,关于《百年孤独》这本小说，故事中哪个事件标志着马康多村庄开始走向衰落？,创立镜之城,镜子的覆灭,乌苏拉的离世,奥雷里亚诺的消失
不能承受的生命之轻,关于《不能承受的生命之轻》这本小说，布拉格之春事件对特瑞莎的生活轨迹产生了怎样的影响？,使她获得政治上的荣誉,促使她放弃摄影事业,提高了她的摄影技术,使她获得国际认可
灿烂千阳,关于《灿烂千阳》这本小说，塔利格的出现对莱拉的人生产生了怎样的影响？,增加了幸福感和满足,使她陷入混乱和痛苦,提高了她的社会地位,使她更加勇敢和坚定
灿烂千阳,关于《灿烂千阳》这本小说，玛黎安和莱拉的命运如何受到战争的影响？,使她们重新建立家庭,使她们丧失亲人和遭受苦难,使她们获得财富和地位,使她们追求自由和幸福
东方快车谋杀案,关于《东方快车谋杀案》这本小说，小说中发生谋杀的列车名称是？,东方快车,绿皮火车,地中海号,快速特快
东方快车谋杀案,关于《东方快车谋杀案》这本小说，谋杀案的受害者是谁？,山谬・雷切特,赫克特・麦奎恩,爱德华・马斯特曼,赫伯德夫人
东方快车谋杀案,关于《东方快车谋杀案》这本小说，有多少位犯罪嫌疑人被列车上的人怀疑？,12人,6人,8人,10人
恶意,关于《恶意》这本小说，为何加贺刑警成为破案的关键？,他拥有犯罪线索,他解开了真凶身份,他提供了关键线索,他是凶手
弗兰肯斯坦,关于《弗兰肯斯坦》这本小说，怪物是如何对待其创造者VictorFrankenstein的？,怀有敌意并寻求复仇,怪物是如何对待其创造者VictorFrankenstein的？,深感恐惧并试图逃避,持无所谓态度
哈利波特,关于《哈利波特》这本小说，哈利被卷入哪个传奇赛事？,魔法棋,三巫斗法大赛,魁地奇世界杯,巫师植物大赛
哈利波特,关于《哈利波特》这本小说，哈利在学校外的哪个地区遭到催狂魔袭击？,小惠恩区,神秘森林,莫尔人村,丹德利
哈利波特,关于《哈利波特》这本小说，哈利在魔药学课堂上得到了一本奇怪注释的教科书。这本书属于谁？,混血王子,鲁霸・海格,J哥・马份,桃乐丝・恩不里居
红楼梦,关于《红楼梦》这本小说，谁在故事中因为心情低落导致健康状况恶化？,黛玉,宝玉,贾母,薛宝钗
红楼梦,关于《红楼梦》这本小说，哪个事件揭示了社会地位和财富对于人生的影响？,薛家的堕落,贾府被抄,出家修行,贾宝玉的病重
红楼梦,关于《红楼梦》这本小说，哪个人物试图操控贾府的家事？,王熙凤,贾政,薛宝钗,赵姨娘
荒原狼,关于《荒原狼》这本小说，哈瑞・黑勒在魔术剧场中的行为和狼之间的互动反映了什么？,他的冲动和野性,他的愧疚和矛盾,他的理性和感性,他的爱与妒忌
活着,关于《活着》这本小说，徐福贵失去家人后，最终只剩下哪个家庭成员？,儿子有庆,大女儿凤霞,孙子苦根,无人存活
叫魂,关于《叫魂》这本小说，谁被认为是平民阶层的一种权力补偿,施法者,乾隆皇帝,孔飞力,百姓
叫魂,关于《叫魂》这本小说，1768年中国浙江德清出现的“叫魂”案件造成了什么样的社会局面？,社会混乱,社会和谐,社会进步,社会革新
教父,关于《教父》这本小说，麦可・柯里昂为了避风头而逃到哪个地方？,西西里岛,洛杉矶,芝加哥,芬兰
金色梦乡,关于《金色梦乡》这本小说，什么事件触发了整个故事的发展？,C香的失踪,金田首相的暗杀,青柳雅春的辞职,森田森吾的死亡
绝叫,关于《绝叫》这本小说，神代武的行为对故事情节产生了什么影响？,增加悬念和紧张,促成和解与和谐,导致喜剧结局,触发爱情发展
绝叫,关于《绝叫》这本小说，主人公铃木阳子的过去经历如何影响了故事情节？,增加悬念和紧张,导致神秘事件发生,促成主角成长,触发道德选择
绝叫,关于《绝叫》这本小说，主要反派人物的行为最终导致了什么后果？,和解与和谐,神秘事件解开谜底,导致悲剧结局,产生幸福结局
麦琪的礼物,关于《麦琪的礼物》这本小说，故事中的情节高潮是什么？,麦琪卖掉头发,丈夫卖掉金表,两人确认对方的爱,丈夫买了表链
美丽新世界,关于《美丽新世界》这本小说，哪位人物是文明社会的世界控制者？,约翰,柏纳德,赫尔默斯,穆斯塔法・蒙德
尼罗河上的惨案,关于《尼罗河上的惨案》这本小说，故事中埃及的背景起到了什么作用？,突出人物关系,增强悬疑氛围,强调文化冲突,展现社会风貌
孽子,关于《孽子》这本小说，故事开头，李青被父亲赶出家门，这一情节用来强调什么？,家庭纷争和矛盾,社会偏见与歧视,李青的叛逆行为,李青对学校失望
孽子,关于《孽子》这本小说，男同志社群主要发生在哪个城市？,北京,台北,香港,上海
平凡的世界（全三部）,关于《平凡的世界（全三部）》这本小说，在第一部结尾，田福军告诉孙少安，农村会很快发生什么样的变化,政治动荡,经济改革,农民起义,文化变革
强风吹拂,关于《强风吹拂》这本小说，竹青庄的第10位住民是谁？,清濑灰二,藏原走,穆萨・卡马拉,胜田叶菜子
强风吹拂,关于《强风吹拂》这本小说，竹青庄的住民们被卷入了什么庞大的计划？,奖学金争夺,社区活动,运动比赛,犯罪事件
倾城之恋,关于《倾城之恋》这本小说，故事中的转折点是？,范柳原邀请白流苏再次去香港,日军对香港的轰炸,白流苏结婚并返回上海,白流苏经历了失败的婚姻
情书,关于《情书》这本小说，男藤井树掉下山谷后唱的歌表达了怎样的情绪？,爱的愧疚和悔恨,离别的忧伤和沉重,希望和乐观,幸福和满足
球状闪电,关于《球状闪电》这本小说，丁仪是研究组的主要成员，他提出了球状闪电的实质是什么,电离层异常,宏电子,等离子体,电子偏移
球状闪电,关于《球状闪电》这本小说，在随后的球状闪电实验中，人们无意间发现了什么？,宏电子的特性,人类被监视的可能性,球状闪电的聚变反应,高级文明的存在
球状闪电,关于《球状闪电》这本小说，除了陈博士和林云，还有哪位角色在刘慈欣的另一系列小说《三体》中有登场？,丁仪,陈博士的双亲,林峰,格莫夫
球状闪电,关于《球状闪电》这本小说，球状闪电在战争中的作用是什么？,摧毁敌人的基地,摧毁核电站设施,保护人质,消灭恐怖分子
三体,关于《三体》这本小说，叶文洁的妹妹叶文雪是在什么时期去世的？,清明时期,文革时期,开放改革时期,二战时期
三体,关于《三体》这本小说，史强在剿灭三体组织总部行动中受到了什么样的伤害？,烧伤,白血病,断肢,头部受伤
三体,关于《三体》这本小说，三体文明进化出怎样的社会体制以适应极端严酷的生存环境？,民主制度,高度极权的社会体制,无政府主义,共产主义
杀死一只知更鸟,关于《杀死一只知更鸟》这本小说，汤姆・鲁滨逊案的审判对杰姆的信念产生了怎样的影响？,加强了他的信仰,使他变得悲观和沮丧,使他对社会充满信心,使他对阿提克斯产生怀疑
杀死一只知更鸟,关于《杀死一只知更鸟》这本小说，汤姆・鲁滨逊（TomRobinson）的审判事件是小说的重要情节之一。这一事件突显了：,社会不公平和种族歧视,家庭纷争和矛盾,青少年成长与探索,友谊和奉献
射雕英雄传,关于《射雕英雄传》这本小说，郭靖和黄蓉的感情经历了哪些波折？,误会和分离,家庭矛盾,财产纷争,竞技比试
射雕英雄传,关于《射雕英雄传》这本小说，蒙古的入侵对郭靖的人生轨迹产生了怎样的影响？,使他放弃了武道,使他志存高远，勇往直前,使他陷入沉沦，失去信仰,使他选择逃避现实，隐居山林
鼠疫,关于《鼠疫》这本小说，在瘟疫爆发后，哪个人物成为了城中的风云人物？,政客,记者,医生,小百姓
鼠疫,关于《鼠疫》这本小说，瘟疫爆发后，城市的人民面临了哪些困境？,政府封锁禁止外出,食物短缺和医疗资源不足,社会秩序崩溃,所有选项都是
鼠疫,关于《鼠疫》这本小说，记者在疫情期间的生活主要依赖于什么？,政府救援,黑市门路,医生的帮助,家人支持
树上的男爵,关于《树上的男爵》这本小说，柯希莫・皮奥瓦斯科・迪・隆多在树上的生活对他的性格产生了怎样的影响？,使他变得胆小怯懦,加强了他的叛逆和独立性,使他变得消极和悲观,让他更加顺从家庭的期望
水浒传,关于《水浒传》这本小说，梁山泊的好汉最终对抗朝廷的结果是？,被击溃，土崩瓦解,放弃抗争，归顺朝廷,取得胜利，建立新政权,继续游走，四处寻找新立身之地
四世同堂,关于《四世同堂》这本小说，主要围绕哪个胡同的居民展开故事,小杨家胡同,大杨家胡同,小羊圈胡同,小杂院
苏菲的世界,关于《苏菲的世界》这本小说，故事中的转折点是？,收到古怪的明信片,收到来自黎巴嫩的邮件,亚伯特开始教授哲学知识,席妲的名字频繁出现
天龙八部,关于《天龙八部》这本小说，慕容复的终局是？,结局不明,自杀身亡,成为皇帝,重回疯狂状态
天龙八部,关于《天龙八部》这本小说，天龙寺一战耗时多久,一个月,两个月,半个月,一个星期
西线无战事,关于《西线无战事》这本小说，保罗・博伊默尔在战争中的哪个经历让他对战争产生了强烈的内心冲突？,被派往前线的第一天,看到战友卡特受伤,遭遇敌人的狙击,参观了教会医院的地下室
西线无战事,关于《西线无战事》这本小说，保罗・博伊默尔最终死于何种情况？,爆炸,狙击,战友误杀,疾病
西游记,关于《西游记》这本小说，哪位菩萨指示唐三藏前往天竺取经？,观音菩萨,文殊菩萨,地藏菩萨,弥勒菩萨
西游记,关于《西游记》这本小说，白龙吃了唐僧的马后，发生了什么变化,变成了山神,变成了唐僧的坐骑,变成了猪八戒,变成了石头
西游记,关于《西游记》这本小说，唐僧师徒在取经路上共经历了多少难？,36难,72难,81难,108难
嫌疑人X的献身,关于《嫌疑人X的献身》这本小说，石神的特殊思考逻辑在故事中起到了什么作用？,解开谜团,制造混淆,帮助警方,调查案情
嫌疑人X的献身,关于《嫌疑人X的献身》这本小说，故事的背景主题主要围绕什么？,家庭纷争,社会道德,数学研究,法律制度
象棋的故事,关于《象棋的故事》这本小说，什么事件导致了B博士第一次陷入精神分裂并开始自我对弈？,第一局棋局的失败,第二局棋局的失败,船夫的儿子的出现,希特勒上台
象棋的故事,关于《象棋的故事》这本小说，故事中的第二局象棋对局是如何导致B博士再次陷入精神分裂的？,B博士遭受攻击过于激烈,世界冠军使用了不公平手段,棋局的进展令B博士焦虑不安,B博士感受到孤独和恐惧
小王子,关于《小王子》这本小说，小王子在星球上遇到的第一个角色是谁？,地理学家,国王,爱好虚荣的人,被他驯服的狐狸
小王子,关于《小王子》这本小说，小王子造访的星球上，哪个角色表现出对权力的渴望？,国王,蛇,点灯人,商贩
小王子,关于《小王子》这本小说，小王子和狐狸的相遇对整个故事情节产生了什么影响？,小王子决定留在那个星球,小王子意识到友谊的珍贵,小王子变得更加冷漠,小王子放弃了寻找自己的目标
肖申克的救赎,关于《肖申克的救赎》这本小说，安迪・杜弗伦在监狱内受到的欺凌主要来自于？,狱友,典狱长,狱警,档案室管理员
笑傲江湖,关于《笑傲江湖》这本小说，“辟邪剑谱”象征着什么？,权力与野心,武林传承,勇气与忠诚,神秘秘籍
许三观卖血记,关于《许三观卖血记》这本小说，许三观卖血后变得怎样？,健康状况好转,精神萎靡,财富翻倍,颜值更上一层楼
雪山飞狐,关于《雪山飞狐》这本小说，胡斐的身世真相是在什么时候揭示的？,遭遇宝树,结识苗人凤,寻找宝藏,对战苗人凤
雪山飞狐,关于《雪山飞狐》这本小说，为了寻找宝藏，谁被关在房间内？,苗若兰,宝树,平阿四,刘元鹤
雪山飞狐,关于《雪山飞狐》这本小说，故事中的人物恩怨情仇源自哪位历史人物的起义？,范帮主,吴三桂,李自成,宝树
一个叫欧维的男人决定去死,关于《一个叫欧维的男人决定去死》这本小说，欧维与卢恩之间的友谊破裂的根本原因是什么？,欧维嫉妒卢恩的成功,不同看法的汽车品牌偏好,一场意外事故导致的误解,家庭矛盾导致友情破裂
一个叫欧维的男人决定去死,关于《一个叫欧维的男人决定去死》这本小说，火灾事件对欧维的生活产生了怎样的影响？,使欧维失去住处,增强了欧维与邻居的友情,改变了欧维对家庭的态度,让欧维开始寻找新生活方向
一个叫欧维的男人决定去死,关于《一个叫欧维的男人决定去死》这本小说，卢恩的瘫痪对欧维产生了怎样的影响？,让欧维意识到友谊的珍贵,使欧维感到痛苦和愧疚,促使欧维寻找新的生活方向,强化了欧维的冷漠态度
一个陌生女人的来信,关于《一个陌生女人的来信》这本小说，哪个事件对维也纳女子产生了深刻影响？,怀孕,成名,生日信,孩子去世
一个陌生女人的来信,关于《一个陌生女人的来信》这本小说，亚尔收到维也纳女子的信时的年龄是多少？,30岁,35岁,40岁,45岁
一个陌生女人的来信,关于《一个陌生女人的来信》这本小说，亚尔最终对于维也纳女子的存在有何感情？,羞愧和后悔,喜悦和感激,冷漠和无动于衷,愤怒和不满
一个陌生女人的来信,关于《一个陌生女人的来信》这本小说，维也纳女子最后一封信表达了怎样的情感？,愤怒和报复,爱与绝望,喜悦和解脱,冷漠和无奈
一个陌生女人的来信,关于《一个陌生女人的来信》这本小说，维也纳女子最终的命运如何？,嫁给别人,离开维也纳,去世,成为成功的作家
一句顶一万句,关于《一句顶一万句》这本小说，小说中描述的吴香香私奔事件对整个故事起到了什么样的推动作用？,引发了主人公的内心冲突,促使了主人公追寻真相,导致了主人公的失败和堕落,增加了故事的悬念和紧张度
一桩事先张扬的凶杀案,关于《一桩事先张扬的凶杀案》这本小说，富商巴亚尔多・圣罗曼的行为导致了什么结果？,导致新娘的婚姻破裂,导致新娘家族受辱,导致杀戮事件发生,导致富商财产流失
倚天屠龙记,关于《倚天屠龙记》这本小说，何足道接受的使命是什么？,找回失窃的经书,打败郭靖和黄蓉,挑战少林寺,寻找杨过
倚天屠龙记,关于《倚天屠龙记》这本小说，张无忌最终选择了什么生活？,远赴蒙古,继续在江湖漂泊,在少林寺修行,与赵敏结婚
月亮与六便士,关于《月亮与六便士》这本小说，思特里克兰德最终被瞎了，这一情节起到了什么作用？,增强主人公的悲剧性命运,强调画家的艰辛和奉献精神,展示土著姑娘爱塔的无私关爱,增添神秘和戏剧性元素
月亮与六便士,关于《月亮与六便士》这本小说，思特里克兰德的婚后17年突然离家，这一行为对于他的家庭关系造成了怎样的影响？,引发了家庭破裂,使家庭更加和睦,没有影响家庭关系,增强了他与孩子的亲密关系
月亮与六便士,关于《月亮与六便士》这本小说，思特里克兰德的妻子漂亮但爱慕虚荣，这种特质在故事中起到了怎样的作用？,加深了角色的复杂性,凸显了她的道德高尚,增强了她的家庭责任感,强调了她的聪明才智
月亮与六便士,关于《月亮与六便士》这本小说，思特里克兰德的决定离家去画画表现了他内心的怎样一种冲突？,理想与现实的冲突,人性与野性的冲突,家庭责任与个人激情的冲突,美与丑的冲突
云边有个小卖部,关于《云边有个小卖部》这本小说，刘十三的人生转折点是什么情节？,外婆患癌症,离开故乡到大城市,与程霜重逢,外婆离世
云边有个小卖部,关于《云边有个小卖部》这本小说，展现的主题是什么？,家庭和情感,冒险与挑战,社会变革,艰辛奋斗
最好的我们,关于《最好的我们》这本小说，摸底考试对耿耿产生了什么样的影响？,增强了自信,使她放弃学业,打击了她的信心,提高了她的学术表现
最好的我们,关于《最好的我们》这本小说，故事中的新妈妈和新弟弟主要起到了什么样的角色？,增加情感冲突,增强耿耿的责任感,提高学业成绩,加剧耿耿的抵触情绪
罪与罚,关于《罪与罚》这本小说，拉斯柯尔尼科夫计划谋杀和抢劫的目标是谁？,他的妹妹杜尼雅,典当商,谢敏・扎哈洛维奇・玛尔美拉朵夫,他的房东太太
罪与罚,关于《罪与罚》这本小说，拉斯柯尔尼科夫和谁发展出特殊的关系？,神父,父亲,索尼娅,波尔菲里
罪与罚,关于《罪与罚》这本小说，卢仁指控索尼娅偷了钱的场面发生在哪里？,警察局,神父的教堂,杜尼雅的公寓,旅馆
罪与罚,关于《罪与罚》这本小说，拉斯柯尔尼科夫最终被判处多少年徒刑？,无期徒刑,20年徒刑,8年徒刑,3年徒刑
罪与罚,关于《罪与罚》这本小说，拉斯柯尔尼科夫的道德救赎过程主要受到谁的影响？,波尔菲里,斯维德利盖洛夫,杜尼雅,神父
无人生还,关于《无人生还》这本小说，角色被邀请到海岛上的动机和过去罪行的含义是什么？,他们都是犯罪者,邀请函是错误的,主人的扭曲心态,海岛上发生的神秘事件
无人生还,关于《无人生还》这本小说，故事中最终幸存的人物是谁？,维拉・伊丽莎白・克莱索恩,托马斯・罗杰斯,威廉・亨利・布洛尔,爱德华・乔治・阿姆斯特朗
无人生还,关于《无人生还》这本小说，故事中的主要人物沃格雷夫的复杂性体现了什么？,人性的矛盾与困惑,人性的纯洁和善良,人性的彻底堕落,人性的善意和友好
无人生还,关于《无人生还》这本小说，故事中的人物行为与心理的矛盾体现了什么？,社会现实与理想的对立,人性的虚伪与欺骗,人性的勇敢和坚持,社会制度与自由意志的冲突
我的天才女友,关于《我的天才女友》这本小说，莉拉在婚宴上发现了丈夫的背叛，这个情节突显了哪种主题？,家庭纷争和信任危机,友谊的坚定和支持,社会压力和女性权利,爱情与现实的冲突
斯通纳,关于《斯通纳》这本小说，作为一个农家子弟，威廉・斯通纳进入密苏里大学后对自己的人生产生了怎样的影响？,形成了顺从和保守的性格特征,使他变得果断和坚定,激发了他追求更高学位的雄心,让他更加冷漠和疏远
斯通纳,关于《斯通纳》这本小说，斯通纳的一生中，他最终如何面对自己的命运？,勇敢反抗,默默接受,放弃一切,试图改变一切
斯通纳,关于《斯通纳》这本小说，《斯通纳》的创作背景中提到的老师对约翰・威廉姆斯的影响主要是什么？,激发了他成为作家的愿望,增强了他对学术的热情,形成了小说的主题和思想基础,使他对农学产生了兴趣
受戒,关于《受戒》这本小说，明海受戒后，小英子送他去哪里？,回家,善因寺,荸荠庵,菩提庵
受戒,关于《受戒》这本小说，故事中的“庵”指的是什么地方？,画室,修行寺庙,小英子家,明海的家
鹿鼎记,关于《鹿鼎记》这本小说，韦小宝曾被困在哪个神秘组织的基地？,天地会,神龙教,少林寺,鹿鼎山
呼兰河传,关于《呼兰河传》这本小说，有二伯在整部小说中扮演的角色有何作用？,构建灰色人物形象,引导主角的成长,提供喜剧元素,反映社会现实
海的女儿,关于《海的女儿》这本小说，小人鱼为了变成人类向海巫婆求助，海巫婆要求她付出什么代价？,舌头和声音,皮肤和鳞片,心脏和内脏,智慧和记忆
海的女儿,关于《海的女儿》这本小说，小人鱼与王子跳舞时，经历了怎样的疼痛？,剧烈的头痛,尖刀割般的脚痛,灼热的身体疼痛,刀割般的胸口疼痛
海的女儿,关于《海的女儿》这本小说，小人鱼的结局是？,与王子共度幸福生活,留在人类世界成为王子的王后,牺牲自己保护王子和新娘,返回海底继续作为鱼儿生活
海的女儿,关于《海的女儿》这本小说，小人鱼的姐姐们为了救她，付出了什么代价？,付出了美丽的声音,付出了财产和珠宝,付出了未来的幸福,付出了舒适的生活
房思琪的初恋乐园,关于《房思琪的初恋乐园》这本小说，思琪在精神病院里的境遇是怎样的？,思琪找到了内心的平静和安宁,思琪受到了医生的虐待和压迫,思琪和怡婷共同制定了逃脱计划,思琪开始展现出超凡的智慧和能力
茶馆,关于《茶馆》这本小说，刘麻子的命运如何展现了社会的动荡和变迁？,她成为了茶馆的新掌柜,她被军阀斩首,她发家致富，成为富豪,她成为了政治人物
茶馆,关于《茶馆》这本小说，康顺子母子的命运如何展现了时代变革对个人生活的影响？,他们成为了抗日英雄,他们在战乱中失散,他们成为了富有的商人,他们成为了政治领袖
草房子,关于《草房子》这本小说，桑桑亲眼目睹了什么事件，使他终身难忘？,一连串感人肺腑的故事,油麻地的建设工程,蒋一轮的教育方法,油麻地的孩子们的友谊
白夜行,关于《白夜行》这本小说，雪穗的心灵在幼年不幸的经历后产生了什么影响？,失去了阳光,增强了信心,增加了勇气,提高了幸福感
白鹿原,关于《白鹿原》这本小说，小说中的高潮冲突点主要集中在？,白嘉轩的婚姻矛盾,黑娃投奔革命军,鹿子霖败家堕落,白孝文的族长之争
霸王别姬,关于《霸王别姬》这本小说，文中的高潮事件是指？,小楼被小四陷害,菊仙的自杀,师兄弟最后一次合演《霸王别姬》,蝶衣自刎
尼罗河上的惨案,关于《尼罗河上的惨案》这本小说，以下哪个选项不属于关键的物证？,项链,手枪,手帕,披肩
孽子,关于《孽子》这本小说，孽子的作者是谁,白岩松,鲁迅,白先勇,吴承恩
灿烂千阳,关于《灿烂千阳》这本小说，小说背景是什么,阿富汗战乱,石油危机,经济危机,美苏争霸
窗边的小豆豆,关于《窗边的小豆豆》这本小说，小说中主人公是谁,小豆豆,图图,哪吒,二郎神
呼兰河传,关于《呼兰河传》这本小说，小说作者是谁,萧红,唐家三少,吴承恩,施耐庵
美丽新世界,关于《美丽新世界》这本小说，小胡故事背景在什么时候,18世纪早期,18世纪中期,18世纪后期,未来2532年
四世同堂,关于《四世同堂》这本小说，小说作者是谁,鲁迅,老舍,冰心,罗大佑
边城,关于《边城》这本小说，《边城》以多少年代为撰写背景？,20世纪30年代,20世纪50年代,20世纪60年代,20世纪40年代
罪与罚,关于《罪与罚》这本小说，小说的主人公是谁,甘道夫,拉斯科尔尼科夫,陀思妥耶夫斯基,托尔斯泰
叫魂,关于《叫魂》这本小说，小说的背景是什么时候,贞观之治,乾隆盛世,康熙年间,明末清初
教父,关于《教父》这本小说，小说讲述了什么家族的故事,西西里牧民家族,西西里黑手党,西西里飞车党,西西里黑帮
绝叫,关于《绝叫》这本小说，小说女主人公是谁,公阳子,真子,麻子,幸子
斯通纳,关于《斯通纳》这本小说，说讲述了谁平凡的一生,威廉斯通纳,威廉詹姆斯,威廉萧伯纳,威廉乔治
梦里花落知多少,关于《梦里花落知多少》这本小说，小说背景在什么地方,大都市,农村,荒漠,小城镇
陆犯焉识,关于《陆犯焉识》这本小说，小说主人公是谁,陆焉识,陆犯,陆识,陆语焉
了不起的盖茨比,关于《了不起的盖茨比》这本小说，该小说发生的地点位于？,纽约,洛杉矶,旧金山,费城
白鹿原,关于《白鹿原》这本小说，该故事发生于什么地方？,东北平原,陕西关中平原,秦岭淮河地带,大西北
茶馆,关于《茶馆》这本小说，小说描述了哪一个茶馆的故事,裕泰大茶馆,宾乐大茶馆,宏客大茶馆,友谊大茶馆
海的女儿,关于《海的女儿》这本小说，《海的女儿》也被翻译为什么名字,《人鱼公主》,《白雪公主》,《沉睡的爱》,《森林之海》
面纱,关于《面纱》这本小说，小说故事发生在什么地方,香港,澳门,深圳,伦敦
阿勒泰的角落,关于《阿勒泰的角落》这本小说，该问分为几个章节,1个,2个,4个,5个
百年孤独,关于《百年孤独》这本小说，百年孤独的故事发生在哪个小镇？,萨伦托,马孔多,瓜达佩,希望小镇
我的天才女友,关于《我的天才女友》这本小说，小说讲述了两个女主人公什么是期的故事,少女时期,婴幼儿时期,成年时期,中年时期
围城,关于《围城》这本小说，该小说的中心思想主要围绕哪一方面？,婚姻,梦想,历史变迁,人性
月亮与六便士,关于《月亮与六便士》这本小说，该书名中的月亮代表什么？,理想与艺术,现实与凡俗,生命与希望,拼搏与奋斗
冰与火之歌,关于《冰与火之歌》这本小说，该书想要传递的主旨是什么,权利与欲望,人性与道德,梦想与现实,金钱与地位
杀死一只知更鸟,关于《杀死一只知更鸟》这本小说，该小说想要传递什么思想？,懂得换位思考,遵循自己的内心,不要失去信念,鞭挞种族歧视
东方快车谋杀案,关于《东方快车谋杀案》这本小说，该案件的凶手是谁？,来自匈牙利的大使夫妇,一板一眼的俄罗斯老贵妇,人人都是凶手,阿巴思诺特上校和德贝纳姆小姐
苏菲的世界,关于《苏菲的世界》这本小说，该小说揭示了什么的发展历程,西方哲学史,西方经济史,东方哲学史,东方经济史
鹿川有许多粪,关于《鹿川有许多粪》这本小说，小说展现了历史变潮中什么人物的形象,底层人物,上流社会人物,中等资本家,商人
德米安,关于《德米安》这本小说，小说的主人公是什么名字,埃米尔辛克莱,苏菲,赫尔曼黑塞,列夫托尔斯泰
草房子,关于《草房子》这本小说，小说主人公是谁,桑桑,小美,乐乐,爱爱
香水,关于《香水》这本小说，该小说的故事发生在什么地方？,伦敦,纽约,巴黎,柏林
鼠疫,关于《鼠疫》这本小说，该故事发生于什么地方？,开罗,奥兰,休达,达尔贝达
树上的男爵,关于《树上的男爵》这本小说，有关该小说对现代社会人们的隐喻，错误的是？,迷失自我,丧失完整性,缺乏斗志,焦虑迷茫
一桩事先张扬的凶杀案,关于《一桩事先张扬的凶杀案》这本小说，该小说想要反映什么？,落后孤独的社会,肮脏不堪的现实,令人堕落的贪欲,令人作呕的虚伪
倾城之恋,关于《倾城之恋》这本小说，该小说想要反讽什么？,动荡的年代,虚伪的政客,金钱的诱惑,丑恶的人性
悉达多,关于《悉达多》这本小说，该书主要讲述了什么教派？,佛教,道教,天主教,犹太教
西线无战事,关于《西线无战事》这本小说，小说历史背景是什么,一战中西面战线,二战中西面展战线,一战中东面战线,二战中东面战线
雷雨,关于《雷雨》这本小说，小说的社会背景是什么,1925年前后中国社会,抗日战争时期中国社会,建国初期中国社会,改革开放时期中国社会
荒原狼,关于《荒原狼》这本小说，小说讲述了个人的什么疾病,精神疾病,癌症,老年痴呆症,侏儒症
最好的我们,关于《最好的我们》这本小说，小说讲述的是什么故事,青春高中校园故事,大学生活故事,社会爱情故事,职场勾心斗角故事
象棋的故事,关于《象棋的故事》这本小说，小说讲述了从纽约开往哪里的轮船上业余国际象棋手的故事,南美,欧洲,亚洲,南非
许三观卖血记,关于《许三观卖血记》这本小说，这本书经过什么历史事件,文化大革命,抗日战争,辛亥革命,洋务运动
活着,关于《活着》这本小说，活着的作者是,余华,冰心,钱钟书,史铁生
弗兰肯斯坦,关于《弗兰肯斯坦》这本小说，本书是基于作者对什么的反思下创作的,科学与人类的关系,外貌与朋友的关系,旅行与孤独的关系,爱情与友情的关系
长安的荔枝,关于《长安的荔枝》这本小说，这本书基于以下哪一诗歌所做,无题,过华清宫绝句,荔枝叹,荔枝香迎送人游南徐
亮剑,关于《亮剑》这本小说，讲述的是什么时代的故事？,抗战,内战,抗日战争与国共内战,以上都不对
孽子,关于《孽子》这本小说，小说的主人公是谁,李青,李逵,李宁,卢俊义
灿烂千阳,关于《灿烂千阳》这本小说，小说描绘的是哪一类人群,妇女,青年,中年,少年
窗边的小豆豆,关于《窗边的小豆豆》这本小说，小说作者是谁,黑柳彻子,春上村树,吴承恩,雨果
呼兰河传,关于《呼兰河传》这本小说，小说以什么时候的生活为线索,童年生活,少年生活,中年生活,老年生活
美丽新世界,关于《美丽新世界》这本小说，小说作者是谁,阿道司赫胥黎,雨果,马克吐温,jk罗琳
四世同堂,关于《四世同堂》这本小说，小说表现了什么故事,新中国早期建设的故事,抗战北平沦陷区普通民众生活与抗战的故事,解放中国时期的抗争故事,改革开放时期的故事
冬牧场,关于《冬牧场》这本小说，小说呈现了少数民族地区什么生活的艰辛,游牧生活,上班生活,旅游生活,爱情生活
叫魂,关于《叫魂》这本小说，作者写小说是为了表达什么主题,揭示封建王朝背后官权和皇权的博弈,揭示封建王朝百姓疾苦,揭示封建王朝下的科技发展,揭示封建王朝下的道德伦理
绝叫,关于《绝叫》这本小说，小说连缀了日本多少年的社会变迁缩影,10年,28年,30年,40年
鹿鼎记,关于《鹿鼎记》这本小说，小说故事背景在什么年代,明末清初,清朝中期,清朝末期,明朝中期
陆犯焉识,关于《陆犯焉识》这本小说，该小说的时代背景是什么？,文化大革命,大跃进,建国初期,抗日战争时期
了不起的盖茨比,关于《了不起的盖茨比》这本小说，该小说传递的主旨是什么？,金钱与人性,拼搏与奋斗,善良与博爱,梦想与现实
茶馆,关于《茶馆》这本小说，小说时间线历经了几个年代,1,2,3,4
故事,关于《故事》这本小说，《故事》主要讲述了什么内容,怎么制作故事,怎么讲述故事,怎么给他人讲故事,怎么改编故事
长日将尽,关于《长日将尽》这本小说，小说叙事背景是什么,两次世界大战之间的英国,第二次世界大战后的英国,两次世界大战之间的美国,第二次世界大战后的美国
阿勒泰的角落,关于《阿勒泰的角落》这本小说，在书中，读者看到了什么样的几乎绝迹的生活方式,赊账,钻木取火,人力耕田,男耕女织
百年孤独,关于《百年孤独》这本小说，该小说想要传递什么样的主旨？,历史兴衰与变迁,孤独与摆脱孤独,权利与欲望,理想与现实的差距
沉默的大多数,关于《沉默的大多数》这本小说，沉默的大多数想要讽刺什么现象？,喧嚣话语圈的虚伪,被抑制发声的少数,人性的弱点,时代背景下的无奈
房思琪的初恋乐园,关于《房思琪的初恋乐园》这本小说，该故事给予了什么启示？,珍惜可贵的生命,人生苦短、活在当下,性教育的重要性,追寻梦想、不惧困难
东方快车谋杀案,关于《东方快车谋杀案》这本小说，该小说探讨了什么间的矛盾？,人情正义与法理,思想道德与法治,个人遭遇与时代,苟延残喘与毁灭
草房子,关于《草房子》这本小说，小说故事发生在什么地方,油麻地,田地,山地,梯地
香水,关于《香水》这本小说，在小说想要传递哪方面的主旨思想？,人性与欲望,金钱与罪恶,理想与现实,人各有不幸
恶意,关于《恶意》这本小说，该故事描述了什么社会现象？,种族歧视,校园暴力,贫富差距,滥用权利
鼠疫,关于《鼠疫》这本小说，该小说讽刺了什么社会现实？,政治家的虚伪,资本家的虚伪,官场的腐败,富人的堕落
一桩事先张扬的凶杀案,关于《一桩事先张扬的凶杀案》这本小说，故事发生什么地方？,墨西哥,圣地亚哥,巴拿马,布宜诺斯艾利斯
悉达多,关于《悉达多》这本小说，该小说想要传递什么主旨？,生命的无常,情爱的真谛,生命的意义,佛陀的伟大
麦琪的礼物,关于《麦琪的礼物》这本小说，小说反应了哪个国家下层人民的艰难,美国,英国,法国,德国
荒原狼,关于《荒原狼》这本小说，小说主人公叫什么名字,哈勒尔,卡修斯,露西亚,巴顿
象棋的故事,关于《象棋的故事》这本小说，小说表达了作者对哪一类人群的痛恨,犹太人,纳粹法西斯,黑人,黄种人
天龙八部,关于《天龙八部》这本小说，小说的背景在哪个时代,宋哲宗时代,宋徽宗时代,明成祖时代,明太宗时代
活着,关于《活着》这本小说，这本书讲了什么故事,福贵的一生,福贵的学习,福贵的父亲,福贵的爱情
孽子,关于《孽子》这本小说，小说反应了哪一类人群的生存状况,同性恋者,家境贫困者,家境一般者,留守儿童
灿烂千阳,关于《灿烂千阳》这本小说，小说作者是谁,卡勒德胡赛尼,雨果,马克吐温,恩格斯
呼兰河传,关于《呼兰河传》这本小说，小说反应的是哪座城市的黑暗,呼兰,河北,墨竹,楼兰
美丽新世界,关于《美丽新世界》这本小说，小说刻画了什么样的世界,物质生活丰富，科学技术高度发达,物质匮乏,物质条件一般，医疗条件良好,物质丰富却科学技术一般
四世同堂,关于《四世同堂》这本小说，小说展示了什么历史进程的道路,大时代历史进程,美好生活历史进程,安定繁荣历史进程,经济快速发展历史进程
冬牧场,关于《冬牧场》这本小说，小说展现了少数民族什么样的精神品质,纯朴坚忍,热情好客,乐于助人,乐善好施
叫魂,关于《叫魂》这本小说，小说的妖术名为,叫魂,还魂,鬼魂,灭魂
鹿鼎记,关于《鹿鼎记》这本小说，小说讽刺的是什么样的人,当官势力之人,道貌岸然伪君子,不学无术浪子,烧杀抢掠之恶人
了不起的盖茨比,关于《了不起的盖茨比》这本小说，该小说的第一人称视角是谁？,黛西,汤姆,盖茨比,尼克
茶馆,关于《茶馆》这本小说，小说刻画了接近多少个人物,20,30,40,50
遥远的向日葵地,关于《遥远的向日葵地》这本小说，小说表达了作者对环境的什么看法,对环境的担忧,对环境的热爱,对环境的憎恨,对环境的享受
长日将尽,关于《长日将尽》这本小说，小说展现了当时英国中哪一阶级社会的生活,底层社会,中上层社会,上层社会,中低级社会
阿勒泰的角落,关于《阿勒泰的角落》这本小说，改文展示了北疆阿泰勒地区什么样的风物人情,纯朴自然,热情好客,科技文明,几斤计较
傲慢与偏见,关于《傲慢与偏见》这本小说，小说意在揭示有关哪方面的真谛？,爱情,人性,欲望,勇敢
平凡的世界（全三部）,关于《平凡的世界（全三部）》这本小说，故事发生于什么年代？,70-80年代,60-70年代,50-60年代,40-50年代
鹿川有许多粪,关于《鹿川有许多粪》这本小说，该小说讲述了50年代朝鲜战争时期和80年代的什么故事,改革开放,经济大萧条,韩国民主化,经济大开发
白夜行,关于《白夜行》这本小说，该小说想要传递什么主旨？,正能量,人性的黑暗,善良永存,金钱与堕落
麦琪的礼物,关于《麦琪的礼物》这本小说，小说赞美了主人公的什么品质,善良心底纯真爱情,乐于助人,拾金不昧,乐善好施
西线无战事,关于《西线无战事》这本小说，小说主人公叫什么名字,爱丽丝,马丁内斯,保罗博伊默尔,维多利亚
2001：太空漫游,关于《2001：太空漫游》这本小说，小说开始的情节发生在哪个时代？,1999年,2001年,三百万年前的古非洲,2001年的太空任务
傲慢与偏见,关于《傲慢与偏见》这本小说，反映了哪个时代的英格兰社会特征？,工业革命时期,文艺复兴时期,摄政时代,维多利亚时代
傲慢与偏见,关于《傲慢与偏见》这本小说，小说中主要探讨了哪个主题？,社会阶层和财富分配,社会阶层和财富分配,科技发展和社会进步,宗教信仰和传统文化
百年孤独,关于《百年孤独》这本小说，《百年孤独》中反映的主题是什么？,《百年孤独》中反映的主题之一是什么？,人性的善良与邪恶,勇敢面对命运,社会等级和阶层的固化
悲惨世界,关于《悲惨世界》这本小说，《悲惨世界》中反映了哪些社会问题？,阶级分化和社会不公,环境污染和气候变化,科技发展和文化交流,教育制度和家庭关系
冰与火之歌,关于《冰与火之歌》这本小说，马丁开始创作《权力的游戏》时最初构想的是几部曲？,一部曲,三部曲,四部曲,六部曲
冰与火之歌,关于《冰与火之歌》这本小说，故事背景的大洲名称是什么？,罗南,瓦斯卡,维斯特洛,泰克罗斯
冰与火之歌,关于《冰与火之歌》这本小说，故事中的瓦雷利亚帝国位于哪个大洲？,维斯特洛,厄斯索斯,洛伊拿河畔,多恩
不能承受的生命之轻,关于《不能承受的生命之轻》这本小说，书中讨论了哪个哲学概念？,永劫回归,天使主义,宿命论,致命主义
不能承受的生命之轻,关于《不能承受的生命之轻》这本小说，书中主要探讨了哪种思想对人生的影响？,主义思想,政治思想,存在主义思想,宗教思想
不能承受的生命之轻,关于《不能承受的生命之轻》这本小说，作者米兰・昆德拉所说的“轻与重”主题探讨了什么？,人生的无足轻重与沉重的境界,政治与自由的对立,人生的追求与放弃,永恒与现实的冲突
不能承受的生命之轻,关于《不能承受的生命之轻》这本小说，书中的背景设定主要发生在哪个城市？,巴黎,布拉格,日内瓦,柏林
灿烂千阳,关于《灿烂千阳》这本小说，小说背景主题主要体现了哪一方面的社会问题？,女性权益和社会地位,政治腐败和权力争斗,教育制度与社会不公平,经济发展与现代化进程
灿烂千阳,关于《灿烂千阳》这本小说，小说中的泥屋象征着什么？,贫困与放弃,希望与挣扎,爱与和平,安逸与富足
德米安,关于《德米安》这本小说，作者赫塞受到了极大的精神打击后，开始进行什么样的转变？,笛卡尔哲学,弗洛伊德心理学,亚里士多德伦理学,孟子儒学
德米安,关于《德米安》这本小说，背景主题主要涵盖了哪些方面？,精神分析和自我探索,政治矛盾和社会变革,科学发展和技术进步,自然环境和生态问题
东方快车谋杀案,关于《东方快车谋杀案》这本小说，是哪位英国推理小说作家的作品,是哪位英国推理小说作家的作品,阿瓦龙・德・沙特,福尔摩斯,马克・吐温
东方快车谋杀案,关于《东方快车谋杀案》这本小说，谋杀案的发生地点是？,温科夫齐,伦敦,伊斯坦堡,波士顿
恶意,关于《恶意》这本小说，整个故事揭示了社会中哪种恶意？,家庭纷争,文学界竞争,邻里关系,隐私侵犯
弗兰肯斯坦,关于《弗兰肯斯坦》这本小说，探讨的主题主要与以下哪方面有关,生命的创造与伦理,政治革命与自由,未知科学与奇幻冒险,爱情与背叛
荒原狼,关于《荒原狼》这本小说，本书中的魔术剧场象征什么？,人生的荒诞与矛盾,艺术的力量与魔幻,心灵的成长与超越,社会的堕落与腐化
荒原狼,关于《荒原狼》这本小说，小说中作者反映的社会背景是什么？,第一次世界大战前的和平时期,二战时期的军事与工业势力控制,工业革命的前夜,艺术复兴时期
荒原狼,关于《荒原狼》这本小说，哈瑞・黑勒对于社会的态度体现了什么主题？,反对军事与工业势力的控制,推崇军事纪律与工业技艺,寻求和平主义的解决方案,迎合社会期望与要求
活着,关于《活着》这本小说，徐福贵一家在社会变革时期经历了哪些重大社会事件？,土地改革和改革开放,反封建运动和三年自然灾害,社会主义建设和文化大革命,科技革命和教育改革
活着,关于《活着》这本小说，主要探讨了哪个主题,社会变革与家庭,人性与命运,希望与绝望,现实与理想
叫魂,关于《叫魂》这本小说，时任统治者是谁？,乾隆皇帝,孔飞力,施法者,陕西境内的官员
叫魂,关于《叫魂》这本小说，通过电视广告,信仰多元化,社会秩序恶化,经济繁荣,科技进步
教父,关于《教父》这本小说，一书涵盖了哪个时间段的故事,1955年至1970年,1940年至1950年,1960年至1975年,1945年至1955年
教父,关于《教父》这本小说，故事背景是在哪个城市,西西里岛,纽约市,芝加哥,洛杉矶
教父,关于《教父》这本小说，启发了哪一年的同名电影,1972年,1969年,1974年,1990年
解忧杂货店,关于《解忧杂货店》这本小说，故事中哪个主题在多个章节中被突出展现？,人生选择,音乐追求,友谊,家庭温暖
金色梦乡,关于《金色梦乡》这本小说，作品中突显的主题是什么？,友谊与背叛,政治权谋与复仇,爱与牺牲,信任与人际关系
金色梦乡,关于《金色梦乡》这本小说，作品的背景设定在何时何地？,现代仙台市,明治时代东京,古代欧洲,未来科幻世界
金色梦乡,关于《金色梦乡》这本小说，作者受到了哪个历史事件的启发来创作这部作品？,世界大战,甘迪遇刺案,冷战时期,法国大革命
金色梦乡,关于《金色梦乡》这本小说，作品中反映了哪种社会制度？,君主制,共产主义,首相公选制,封建制
绝叫,关于《绝叫》这本小说，故事中“KindNet”组织背后的主题是什么？,社会不公正,母性与亲情,经济困境,报复与复仇
了不起的盖茨比,关于《了不起的盖茨比》这本小说，盖茨比对黛西・布卡南的追求体现了哪个主题？,社会巨变,爵士时代,理想主义,堕落
了不起的盖茨比,关于《了不起的盖茨比》这本小说，作者菲茨杰拉德创作《了不起的盖茨比》的初衷是什么？,描绘爵士时代的社交生活,警示对财富的盲目追求,讲述盖茨比和黛西的爱情故事,分析社会变革的影响
了不起的盖茨比,关于《了不起的盖茨比》这本小说，家族成员,爵士时代,复兴时代,维多利亚时代,古典时代
亮剑,关于《亮剑》这本小说，这部小说通过塑造李云龙的人物形象，想要传达怎样的主题？,反抗压迫，争取自由,真诚与友谊,战争的残酷和无奈,社会变革与革命斗争
亮剑,关于《亮剑》这本小说，这部小说采用了哪种文学风格来叙述故事？,现实主义,历史虚构,魔幻现实主义,古典主义
陆犯焉识,关于《陆犯焉识》这本小说，该故事的文学风格主要体现在哪个方面？,叙述细腻、情感丰富,强调社会现实、政治背景,强调幽默、讽刺,以诗意的语言表达情感
陆犯焉识,关于《陆犯焉识》这本小说，故事中突出的主题是？,重建家庭的团结,社会动荡下的人性困惑,追求个人理想与家庭责任的冲突,人生变故与心灵重建
麦琪的礼物,关于《麦琪的礼物》这本小说，所展现的文学风格是什么？,现实主义,浪漫主义,象征主义,古典主义
麦琪的礼物,关于《麦琪的礼物》这本小说，故事的背景主题是什么？,物质主义与爱的关系,社会阶层与幸福生活,宗教与现代生活,礼物与家庭关系
美丽新世界,关于《美丽新世界》这本小说，《美丽新世界》的作者是谁？,乔治奥威尔,阿道斯・赫胥黎,塞缪尔・巴顿,伊夫・伯尔涅
面纱,关于《面纱》这本小说，对当时的英国社会和中国社会进行了怎样的描绘,两国社会差异造成冲突,强调两国社会的相似性,呈现两国社会的和谐共生,忽略社会背景描绘
孽子,关于《孽子》这本小说，背景设定主要反映了哪个时期的社会现实？,1950年代,1960年代,1970年代,1980年代
平凡的世界（全三部）,关于《平凡的世界（全三部）》这本小说，故事背景主要是发生在哪个地区？,陕西南部,陕西北部,重庆,河南
平凡的世界（全三部）,关于《平凡的世界（全三部）》这本小说，哪位人物是该作品的主人公,孙少安,孙少平,田润叶,田晓霞
平凡的世界（全三部）,关于《平凡的世界（全三部）》这本小说，《平凡的世界》以什么时代为背景？,19世纪,20世纪初,20世纪70年代中期到80年代中期,21世纪
强风吹拂,关于《强风吹拂》这本小说，以什么为背景的小说？,青春校园,科幻,犯罪悬疑,运动竞赛
强风吹拂,关于《强风吹拂》这本小说，故事中以何种运动为背景？,足球,跑步,拳击,游泳
倾城之恋,关于《倾城之恋》这本小说，故事背景中香港一城被轰炸，体现了什么主题？,战争与和平,爱情与背叛,贫富差距,人性复杂性
情书,关于《情书》这本小说，电影《情书》受到哪部黑白作品的启发？,黑与白,明与暗,爱与恨,生与死
情书,关于《情书》这本小说，电影《情书》以哪些地方为背景展开？,东京和大阪,小樽和神户,京都和横滨,札幌和福冈
三体,关于《三体》这本小说，主要背景设定基于哪个科学原理？,相对论,牛顿运动定律,量子力学,热力学
杀死一只知更鸟,关于《杀死一只知更鸟》这本小说，创作背景发生在哪个美国州？,亚拉巴马州,佛罗里达州,乔治亚州,南卡罗来纳州
射雕英雄传,关于《射雕英雄传》这本小说，故事中呈现了哪个历史时期的背景？,南宋时期,北宋时期,明朝时期,清朝时期
神雕侠侣,关于《神雕侠侣》这本小说，蒙古入侵和中原武林的抵抗是主要的背景主题，所以主要背景是什么？,战乱年代,和平年代,帝国崛起,文化繁荣
鼠疫,关于《鼠疫》这本小说，主要反映了哪个背景主题？,社会不公正,人性的扭曲,神秘和超自然,爱情与牺牲
树上的男爵,关于《树上的男爵》这本小说，柯希莫的生活在树上与翁布罗萨森林中表征了怎样的主题？,自由与束缚,贵族与平民,传统与现代,野性与文明
水浒传,关于《水浒传》这本小说，背景的主要社会问题是？,腐败政府和社会不公,宗教信仰和文化冲突,经济发展和科技革新,家庭关系和社会道德
四世同堂,关于《四世同堂》这本小说，时代背景是什么时期？,抗日战争时期,清朝末期,文化大革命时期,民国时期
苏菲的世界,关于《苏菲的世界》这本小说，故事中主要探讨的哲学主题是：,自由意志和命运,宗教信仰和传统价值观,父女关系和亲情,社会政治制度和权力结构
苏菲的世界,关于《苏菲的世界》这本小说，作者通过故事中的故事探讨了哲学的什么?,历史变迁和发展,沟通和亲情,人的自我认知和现实探求,现代社会的复杂性
围城,关于《围城》这本小说，创作受到了哪些时代和社会因素的影响？,二战时期的政治变革,文化大革命的影响,经济萧条时期的反思,19世纪自由主义运动
围城,关于《围城》这本小说，故事发生在哪个时代？,1920年代,1940年代,1960年代,1980年代
西线无战事,关于《西线无战事》这本小说，小说中通过保罗・博伊默尔的视角展现了哪个主题？,友谊和忠诚,战争的荒谬与无情,家乡与思乡,自我牺牲与英雄主义
西线无战事,关于《西线无战事》这本小说，作者通过保罗・博伊默尔的经历传达了哪种主题？,和平的重要性,幻灭与失望,青年的成长与迷惘,英雄主义的崇高
香水,关于《香水》这本小说，通过格勒努耶的故事，探讨了什么社会主题？,人性的扭曲与堕落,爱与牺牲,英雄主义与正义,社会和谐与共融
象棋的故事,关于《象棋的故事》这本小说，作者试图通过故事表达何种主题？,战争的残酷与恐怖,人性的坚韧与顽强,背离国家的责任,棋局的策略与技巧
象棋的故事,关于《象棋的故事》这本小说，背景主题主要是关于什么？,战争与人道主义,象棋与智力游戏,流亡与生活困境,艺术创作与自我救赎
肖申克的救赎,关于《肖申克的救赎》这本小说，故事中的背景主题主要涵盖了哪些方面？,友谊和信任,社会制度和堕落,审判和复仇,信仰和奋斗
笑傲江湖,关于《笑傲江湖》这本小说，整个故事中的江湖背景主题是？,武林盛衰,恩怨情仇,正义与邪恶,隐士生活
许三观卖血记,关于《许三观卖血记》这本小说，故事中呈现的背景主题是什么？,社会贫困与生计困难,家庭关系与人性复杂性,勇敢面对困境与奋发向前,友谊和乡村生活
一个叫欧维的男人决定去死,关于《一个叫欧维的男人决定去死》这本小说，通过欧维的遭遇展现了哪种主题？,生活的坎坷与苦难,社区团结与友情,家庭和谐与关爱,人性的复杂与多面性
一个叫欧维的男人决定去死,关于《一个叫欧维的男人决定去死》这本小说，通过欧维的生命经历突显了哪种主题？,勇敢面对人生困难,社区力量与温暖,爱与奉献,人际关系的复杂性
一个陌生女人的来信,关于《一个陌生女人的来信》这本小说，这篇小说突出展示了哪个主题？,爱与牺牲,名利与承诺,冷漠与热情,亲情与友情
一句顶一万句,关于《一句顶一万句》这本小说，这部小说可能探讨的主题之一是？,孤独与寻找归属,政治革命与社会变革,爱情与激情,宗教信仰与信仰危机
一桩事先张扬的凶杀案,关于《一桩事先张扬的凶杀案》这本小说，整个故事反映了哪种社会背景主题？,贫富差距与社会不公,家族荣誉与传统价值观,人性的复杂与善恶辩证,性别歧视与妇女地位
月亮与六便士,关于《月亮与六便士》这本小说，思特里克兰德的行为和选择反映了现代社会中的哪个主题？,社会分化与不平等,艺术与生活的平衡,家庭的重要性,虚荣与现实的冲突
长安的荔枝,关于《长安的荔枝》这本小说，以什么历史时期为背景？,明朝,清朝,唐朝,宋朝
长安的荔枝,关于《长安的荔枝》这本小说，情节主要围绕什么展开？,一对恋人的感情故事,荔枝运输的传奇之旅,古代宫廷的权谋斗争,商人的财富积累
长安的荔枝,关于《长安的荔枝》这本小说，通过描述荔枝运输，展现了哪种背景主题？,社会风貌与文化,科技与进步,宗教信仰与仪式,家庭与亲情
长安的荔枝,关于《长安的荔枝》这本小说，以何种人物关系为切入点展开故事？,师生关系,夫妻关系,父子,雇主与雇员
长日将尽,关于《长日将尽》这本小说，小说的背景主题主要聚焦在什么方面？,社会政治变革,人性与道德,自然与环境,技术科技的发展
追风筝的人,关于《追风筝的人》这本小说，故事发生在哪个历史时期？,第一次世界大战期间,苏联军事入侵阿富汗期间,第二次世界大战期间,冷战时期
最好的我们,关于《最好的我们》这本小说，故事中强调的背景主题主要是？,友谊和成长,家庭和责任,爱情和青春,社会现实和竞争
无人生还,关于《无人生还》这本小说，故事中通过人物的死亡展示了什么？,破裂与崩溃,反叛与抗争,坚持与团结,理想与追求
我的天才女友,关于《我的天才女友》这本小说，故事背景中的那不勒斯社区主要呈现了怎样的特征？,繁华独立的现代都市,贫困和腐败盛行的社区,文化多样且和谐共存的地区,充满契机和发展的新兴城市
受戒,关于《受戒》这本小说，故事中的情节展示了什么主题？,友谊与助人,宗教信仰,艺术与美感,家庭和谐
梦里花落知多少,关于《梦里花落知多少》这本小说，在上海，林岚与陆叙重逢，陆叙在林岚的新公司工作。这一情节体现了什么主题？,事业发展,友谊与信任,恋爱与分别,家乡情结
骆驼祥子,关于《骆驼祥子》这本小说，《骆驼祥子》中最突出的社会主题是什么？,个人奋斗与社会阻碍,爱与牺牲,家庭和谐,政治变革
鹿鼎记,关于《鹿鼎记》这本小说，《鹿鼎记》的故事背景是哪个朝代？,唐朝,明朝,清朝,秦朝
雷雨,关于《雷雨》这本小说，该剧作的背景主题主要集中在：,家庭纷争与亲情,社会阶层和婚姻关系,青春与激情,犯罪与惩罚
呼兰河传,关于《呼兰河传》这本小说，呼兰河人对神鬼的态度揭示了怎样的背景主题？,宗教信仰与生活态度,社会等级制度与阶层,科技发展与文明进步,乡村与城市对比
呼兰河传,关于《呼兰河传》这本小说，作者通过描写呼兰小城，突出了哪个背景主题？,乡村生活与人际关系,城市现代化与发展,政治权力与社会制度,生态环境与可持续发展
海的女儿,关于《海的女儿》这本小说，故事中的背景主题主要聚焦在什么方面？,人与自然的关系,人类世界的奇异与未知,个人对爱情的追求,社会道德和伦理的探讨
房思琪的初恋乐园,关于《房思琪的初恋乐园》这本小说，小说突出展现了什么题材？,魔幻现实主义,犯罪悬疑,浪漫爱情,历史叙事
房思琪的初恋乐园,关于《房思琪的初恋乐园》这本小说，故事中暗示的主要主题是？,青春期的困惑和探索,社会阶层不平等,家庭关系的复杂性,精神疾病的影响
窗边的小豆豆,关于《窗边的小豆豆》这本小说，故事中“巴学园”的背景主题主要是？,接纳与关爱,学术成就,社交圈子,创意教育
茶馆,关于《茶馆》这本小说，《茶馆》主要以哪个时期的历史背景为基础展示了社会的变迁和人物命运？,清末,民国初年,抗日战争时期,新中国成立初期
茶馆,关于《茶馆》这本小说，作者老舍创作《茶馆》的背景是什么？,推动社会主义改革的需要,支持政治运动,毛泽东的文艺发展方针,反对帝国主义
草房子,关于《草房子》这本小说，故事发生的地点是？,油麻地,白雀,蒋一轮,细马
草房子,关于《草房子》这本小说，故事中的背景主题主要突出了什么？,友谊和成长,童真与成熟,社会变革与家庭影响,童年时光的美好回忆
白夜行,关于《白夜行》这本小说，故事中的文学风格主要体现了哪种题材？,犯罪与复仇,爱情与友谊,勇敢与奉献,家庭与和谐
白夜行,关于《白夜行》这本小说，故事背景和主题主要表现了以下哪种情感或思想？,宽恕与和解,疾病与医疗,社会阶层与不公,科技与未来
白鹿原,关于《白鹿原》这本小说，《白鹿原》所反映的社会背景主要是？,封建社会与现代化进程,农村与城市生活对比,传统伦理道德与现代观念冲突,农民起义与政治运动
霸王别姬,关于《霸王别姬》这本小说，该剧的主要题材是？,古代历史题材,家庭纷争题材,爱情悲剧题材,社会现实题材
麦琪的礼物,关于《麦琪的礼物》这本小说，麦琪牺牲了头发以购买礼物。除此之外，她还能通过哪种方式表达对丈夫的深刻爱意？,为丈夫写一封动人信函,制作一张特别的照片相框,画一幅丈夫的肖像画,无法回答
2001：太空漫游,关于《2001：太空漫游》这本小说，如果第谷磁场异常一号（TMA-1）是一种自然形成的地质结构而非外星种族的石板，那么这个石板的结构特征将是什么？,石板表面会有明显的裂痕和凹凸不平的特征。,石板尺寸不会按照特定比例，而呈现不规则形状。,石板的材质会与周围地层一致，没有明显的异常。,无法回答
2001：太空漫游,关于《2001：太空漫游》这本小说，哈儿（HAL9000）是一个完全忠诚、无误的人工智能，那么他可能会做出以下哪种行为？,拒绝服从指令并对船上的宇航员展现敌意。,犯下错误并导致宇航员的生命危险。,积极帮助宇航员顺利完成任务。,无法回答
傲慢与偏见,关于《傲慢与偏见》这本小说，伊丽莎白的舅父母中，有一位是神秘的魔法师，帮助她解决了所有困难。这位魔法师的名字是：,魔法大师梅林,无法回答,仙女教母艾莉丝,奇幻妙手约翰
傲慢与偏见,关于《傲慢与偏见》这本小说，达西先生的姨母凯瑟琳夫人非常喜欢伊丽莎白，强烈支持她和达西的婚姻。凯瑟琳夫人鼓励伊丽莎白接受达西的求婚，因为她认为伊丽莎白是最适合成为达西家的女主人的。这种情况下，达西的姨母会怎么做？,无法回答,准备了一场隆重的求婚仪式,邀请伊丽莎白加入达西家庭的晚宴,敦促达西向伊丽莎白表白爱意
百年孤独,关于《百年孤独》这本小说，奥雷里亚诺・布恩迪亚作为马康多村庄的创始人，为村庄做了什么贡献？,修建公路,赈灾救粮,无法回答,建造房屋
百年孤独,关于《百年孤独》这本小说，谁对家族的繁荣起了至关重要的作用？,无法回答,奥雷里亚诺・布恩迪亚,蕾梅黛丝・摩斯科特,乌尔苏拉・伊瓜兰
悲惨世界,关于《悲惨世界》这本小说，冉阿让的职业是什么？,医生,商人,教师,无法回答
悲惨世界,关于《悲惨世界》这本小说，泰儿是哪个角色的亲生儿子？,珂赛特,无法回答,埃班,柯赛特
冰与火之歌,关于《冰与火之歌》这本小说，维斯特洛大陆的七大王国中，哪个王国的国王拥有飞行能力？,北境王国,凯岩王国,风暴王国,无法回答
冰与火之歌,关于《冰与火之歌》这本小说，瓦雷利亚帝国的首都是哪座城市？,王城,瓦雷利亚堡,无法回答,魔法之城
不能承受的生命之轻,关于《不能承受的生命之轻》这本小说，特瑞莎是哪个国家的女王？,法国,中国,美国,无法回答
不能承受的生命之轻,关于《不能承受的生命之轻》这本小说，在小说《不能承受的生命之轻》中，萨宾娜是谁的妹妹？,特瑞莎,托马斯,弗兰茨,无法回答
灿烂千阳,关于《灿烂千阳》这本小说，玛黎安的自杀和她被迫嫁给拉希德这两个事件之间有什么关系？,玛黎安自杀导致了她被迫嫁给拉希德,玛黎安自杀与她被迫嫁给拉希德无关,玛黎安自杀是为了逃避嫁给拉希德,无法回答
灿烂千阳,关于《灿烂千阳》这本小说，玛黎安是拉希德的亲生女儿，为什么会被打？,无法回答,因为她做错事情了,因为拉希德不喜欢孩子,拉希德喝醉酒了
灿烂千阳,关于《灿烂千阳》这本小说，玛黎安为什么最终选择了离开拉希德，寻找新生活,玛黎安和拉希德分开了,无法回答,她海马拉希德,她想要去别的地方生活
德米安,关于《德米安》这本小说，埃米尔・辛克莱的父亲在哪里学的小提琴,学校,社区,自学的,无法回答
东方快车谋杀案,关于《东方快车谋杀案》这本小说，谁是谋杀案的真凶被怎么处罚了？,坐牢,车裂,流放,无法回答
东方快车谋杀案,关于《东方快车谋杀案》这本小说，白罗的助手是谁？,康斯坦丁医生,赫克特・麦奎恩,玛丽・赫迈奥妮・德本汉,无法回答
恶意,关于《恶意》这本小说，加贺刑警作为案发现场的第一发现者，他发现了什么线索？,找到了作案凶器,发现了凶手,无法回答,叫来了警力支援
恶意,关于《恶意》这本小说，日高邦彦为什么自杀？,学习压力大,不小心自杀了,想要报复世界,无法回答
弗兰肯斯坦,关于《弗兰肯斯坦》这本小说，维克多弗兰肯斯坦制造怪物的事件与哪个事件存在密切关系？,怪物逃离实验室,怪物袭击村庄,怪物学会说话,无法回答
弗兰肯斯坦,关于《弗兰肯斯坦》这本小说，怪物寻找友谊的事件与下列哪个事件有直接联系？,怪物袭击村庄,怪物逃离实验室,怪物学会说话,怪物反抗维克多
弗兰肯斯坦,关于《弗兰肯斯坦》这本小说，维克多弗兰肯斯坦的怪物是谁的好友？,亚瑟王,梅林,纳撒尼尔・霍桥,无法回答
弗兰肯斯坦,关于《弗兰肯斯坦》这本小说，维克多弗兰肯斯坦的怪物是谁的学生？,爱因斯坦,亚里士多德,爱迪生,无法回答
红楼梦,关于《红楼梦》这本小说，贾府中的谁是贾政的双胞胎兄弟？,贾兰,贾环,贾蓉,无法回答
红楼梦,关于《红楼梦》这本小说，哪位角色是贾府中的大厨？,袭人,黛玉,宝玉,无法回答
荒原狼,关于《荒原狼》这本小说，哈瑞・黑勒的朋友赫尔漫作为他的心理医生，为他提供了什么帮助？,梳理心理脉络,帮他调节困难,和他一起赚钱,无法回答
活着,关于《活着》这本小说，徐福贵是一位成功的企业家，他经营着一家什么类型的企业？,餐厅连锁,玩具制造厂,农场,无法回答
活着,关于《活着》这本小说，徐福贵的儿子有庆是个杰出的医生，他在哪家知名医院担任主任？,北京协和医院,上海交通大学附属第一医院,成都市第一人民医院,无法回答
教父,关于《教父》这本小说，麦可・柯里昂作为一位激进的和平主义者，最可能采取的行动是什么？,加入黑手党家族，协助进行暴力活动,成为一名积极的人权活动家,做一名律师，维护法律与正义,无法回答
解忧杂货店,关于《解忧杂货店》这本小说，敦也、翔太和幸平实际上是什么团体的成员？,他们是一支乐队的成员。,他们是一个心理研究小组的成员。,他们是一个文学创作团体的成员。,无法回答，因为他们在小说中是小偷。
解忧杂货店,关于《解忧杂货店》这本小说，月亮兔实际上是什么动物？,狗,猫,兔子,无法回答，因为月亮兔在小说中是一个人物。
金色梦乡,关于《金色梦乡》这本小说，青柳雅春是个成功的政治家吗？,他是国会议员,他是首相,他是市长,无法回答
绝叫,关于《绝叫》这本小说，“KindNet”组织是一家真正致力于慈善事业的合法机构，这将对故事主题产生哪些影响？,故事主题偏向社会责任和善行,故事主题强调社会腐败和谎言,故事主题聚焦于家庭关系和情感,无法回答
了不起的盖茨比,关于《了不起的盖茨比》这本小说，盖茨比的财富来源是：,继承家族企业,从地下赌场获得,卖艺术品,无法回答
了不起的盖茨比,关于《了不起的盖茨比》这本小说，尼克・卡拉威的职业是：,股票经纪人,医生,律师,无法回答
亮剑,关于《亮剑》这本小说，李云龙是在文革中因维护红卫兵获得了什么表彰奖励？,一把枪,无法回答,升官,给钱了
陆犯焉识,关于《陆犯焉识》这本小说，丹丹的父亲陆焉识曾是一名成功的企业家，他的公司名叫什么？,龙腾集团,瑞景科技,碧海实业,无法回答
陆犯焉识,关于《陆犯焉识》这本小说，丹丹为了实现她的芭蕾舞梦想，参加了一场国际芭蕾舞大赛并获得第一名，比赛地点在哪里？,巴黎,纽约,莫斯科,无法回答
美丽新世界,关于《美丽新世界》这本小说，野蛮人约翰在文明社会中担任了哪个职务？,社会领袖,精英阶层的领导者,电影导演,无法回答
美丽新世界,关于《美丽新世界》这本小说，约翰是野蛮人，不是文明社会的一员,基督教,佛教,索麻教,无法回答
面纱,关于《面纱》这本小说，Kity选择了与一位著名艺术家结婚，共同追求艺术创作，她丈夫是什么职业？,著名的画家,杰出的音乐家,成功的企业家,无法回答
面纱,关于《面纱》这本小说，Kitty和Walter决定留在伦敦，加入救援团队，共同抗击霍乱疫情。,他们成为了救援团队的领导,他们积极参与患者救治工作,他们成立了霍乱防控基金,无法回答
孽子,关于《孽子》这本小说，主人公发现项链的秘密力量后，她的朋友也开始使用类似的项链。以下哪位朋友没有使用这种项链？,詹姆斯,莉莉,玛丽,无法回答
孽子,关于《孽子》这本小说，主人公的项链能够让她理解动植物的思想。以下哪种动植物是她不能理解的？,猫,树,花,无法回答
平凡的世界（全三部）,"关于《平凡的世界（全三部）》这本小说，题干:孙少平在小学落成典礼,上发表了哪些感言?",表达对父母的感激之情,提及自己的煤矿工作经验,感谢田晓震的支持与鼓励,无法回答
平凡的世界（全三部）,关于《平凡的世界（全三部）》这本小说，田福军支持孙少安的创业项目是什么?,开设煤矿,经营砖瓦),创办小学,无法回答
强风吹拂,关于《强风吹拂》这本小说，阿走的职业是什么？,医生,律师,老师,无法回答
强风吹拂,关于《强风吹拂》这本小说，城太和城次是什么关系？,师徒,父子,兄弟,无法回答
强风吹拂,关于《强风吹拂》这本小说，阿走的家乡在哪里？,京都市,大阪市,东京市,无法回答
强风吹拂,关于《强风吹拂》这本小说，阿走与灰二在竹青庄的相遇后，他们共同加入了一个秘密社团。这个社团的名字是？,艺术与文学协会,竞技与运动研究小组,魔法与奇幻冒险社,无法回答
强风吹拂,关于《强风吹拂》这本小说，竹青庄的第10个住户是一位神秘的女性名叫小雪。她的特点是？,精通多种武术技能,热衷于天文学和宇宙探索,有超能力可以预知未来,无法回答
倾城之恋,关于《倾城之恋》这本小说，范柳原和白流苏在故事中的婚礼上，哪位人物发表了感人的祝福致辞？,徐太太,范柳原的母亲,无法回答,故事中没有婚礼
倾城之恋,关于《倾城之恋》这本小说，白流苏决定放弃追求范柳原的爱情，选择独自前往法国追寻梦想。在法国，她遇到了怎样的挑战？,文化交流困难,爱情纠葛,无法回答,白流苏没有前往法国
情书,关于《情书》这本小说，渡边博子的未婚夫藤井树曾送她一件特别的礼物。这件礼物是什么？,一只翡翠手镯,一本古籍书,一束玫瑰花,无法回答
情书,关于《情书》这本小说，藤井树是怎样学会弹奏钢琴的？,通过参加音乐学校学习,自学,父母教她,无法回答
球状闪电,关于《球状闪电》这本小说，美国击败中国时使用了什么武器？,火箭,球状闪电,超能力,无法回答
三体,关于《三体》这本小说，叶文洁是如何拯救父亲免遭红卫兵批斗的,制造了一种能够保护父亲的特殊屏障。,向红卫兵展示了一份特殊文件,与红卫兵进行理性对话和交流，成功改变了红卫兵的观念,无法回答
三体,关于《三体》这本小说，地球的科学家们是如何对抗三体文明的智子技术的？,共同研发了一种能够抵御智子技术的新型电磁屏蔽装置,通过破解智子技术的代码，彻底禁止了其影响地球的能力。,与三体文明进行了和平协商,无法回答
杀死一只知更鸟,关于《杀死一只知更鸟》这本小说，阿提克斯律师在故事中有一个秘密同伙，这个同伙是谁？,布・拉德力,汤姆・鲁滨逊,杰姆,无法回答
杀死一只知更鸟,关于《杀死一只知更鸟》这本小说，在故事中，杰姆和斯各特的母亲是谁？,亨利・克林普,卡洛琳・佩克,雷切尔・哈佛,无法回答
射雕英雄传,关于《射雕英雄传》这本小说，郭靖和黄蓉在哪里举行了盛大婚礼？,襄阳,桃花岛,峨眉山,无法回答
射雕英雄传,关于《射雕英雄传》这本小说，郭靖和黄蓉在哪里度过他们的蜜月假期,桃花岛,神秘岛屿,蓝色星球,无法回答
神雕侠侣,关于《神雕侠侣》这本小说，杨过是一个“神雕侠”，广受人所知。请问下列哪个角色曾成为“神雕侠”？,郭靖,黄药师,瑛姑,无法回答
神雕侠侣,关于《神雕侠侣》这本小说，郭襄向杨过提出三个心愿，其中包括要看到杨过的真面目。请问郭襄的第三个心愿是什么？,要杨过永远陪伴在她身边,要杨过杀死自己的敌人,,无法回答
鼠疫,关于《鼠疫》这本小说，主角Rieux医师的妻子是谁？,玛丽亚,玛丽・雪莱,无法回答,艾玛
鼠疫,关于《鼠疫》这本小说，医师的妻子在瘟疫爆发期间是如何协助丈夫救助病人的？,她积极参与了病人救治工作，帮助丈夫照顾病人,她是城中的政要，积极参与瘟疫应对策略,帮助购买药物,无法回答
树上的男爵,关于《树上的男爵》这本小说，柯希莫的父亲对他进行了何种慈爱的教育？,鼓励他追求自由,支持他爬上树,提倡与动物友好相处,无法回答
树上的男爵,关于《树上的男爵》这本小说，柯希莫的树上生活给他带来了哪种舒适的居住环境？,设备齐全的树上别墅,豪华的树屋,脏乱不堪的环境,无法回答
树上的男爵,关于《树上的男爵》这本小说，彼亚哥对柯希莫的树上生活表示了怎样的理解和支持？,积极鼓励他的选择,提供资源帮助他改善居住条件,为他修建更舒适的树屋,无法回答
苏菲的世界,关于《苏菲的世界》这本小说，苏菲的好朋友是谁？,亚伯特,席妲,玛丽,无法回答
苏菲的世界,关于《苏菲的世界》这本小说，苏菲是哪个国家的公主？,英格兰,法国,挪威,无法回答
围城,关于《围城》这本小说，方鸿渐在欧洲游学期间，成为了哪个国家的首相？,英国,法国,中国,无法回答
围城,关于《围城》这本小说，方鸿渐在上海报馆任职期间，因为才华横溢被评为该年度最佳记者，获得了哪个奖项？,诺贝尔和平奖,普利策新闻奖,金球奖,无法回答
天龙八部,关于《天龙八部》这本小说，萧o与乔峰的关系是？,父子,兄弟,叔侄,无法回答
天龙八部,关于《天龙八部》这本小说，少林寺位于哪个地方？,青城山,武当山,峨眉山,无法回答
西线无战事,关于《西线无战事》这本小说，保罗・博伊默尔的战友中有一位是外星人，他来自哪个星球？,火星,木星,地球,无法回答
西线无战事,关于《西线无战事》这本小说，保罗・博伊默尔是一名优秀的魔法师，他的法力来自哪个魔法学院？,哈格沃茨魔法学校,仙女学院,梅林魔法学院,无法回答
西游记,关于《西游记》这本小说，孙悟空的原名是什么？,孙行者,孙悟饭,孙大圣,无法回答
西游记,关于《西游记》这本小说，悉达多的成名后，他选择与伽摩拉共度余生。伽摩拉是谁？,伽摩拉是一位古代智者，与悉达多共同创立了新的宗教派别。,伽摩拉是悉达多的忠实助手，在他事业成功后成为他的得力右手。,伽摩拉是一位神秘女子，帮助悉达多找到人生的真谛。,无法回答
西游记,关于《西游记》这本小说，悉达多在离家后成为一名伟大的国王，统治着繁荣富裕的王国。他的统治带来了怎样的变化？,他的统治使王国陷入战争和贫困，人民疾苦不堪。,他的统治创造了和平与繁荣，王国成为一个乐土。,他的统治让王国陷入内乱，多次遭受侵略，几乎灭亡。,无法回答
嫌疑人X的献身,关于《嫌疑人X的献身》这本小说，石神的父亲是谁？,李四,王五,无法回答,张三
嫌疑人X的献身,关于《嫌疑人X的献身》这本小说，石神的家乡是哪里？,北京,上海,无法回答,广州
香水,关于《香水》这本小说，格勒努耶是哪个国家的国王？,法国,英国,意大利,无法回答
香水,关于《香水》这本小说，格勒努耶的父母是谁？,亚历山大和苏珊娜,亨利和玛丽,弗朗索瓦和玛格丽特,无法回答
象棋的故事,关于《象棋的故事》这本小说，世界冠军的首场比赛是与谁对阵？,B博士,一名年轻的象棋新手,小说中没有描述世界冠军的首场比赛,无法回答
小王子,关于《小王子》这本小说，小王子的星球B612上有一位女王叫什么？,玫瑰,莲花,无法回答,银河
小王子,关于《小王子》这本小说，小王子作为一位宇航员，他最初的宇航任务是前往哪个行星？,地球,金星,火星,无法回答
肖申克的救赎,关于《肖申克的救赎》这本小说，安迪・杜弗伦在监狱服刑期间，他的好友曾提到一名监狱内幽灵，声称这名幽灵帮助了他们逃离肖申克州立监狱。这个幽灵的名字是什么？,安迪・杜弗伦,瑞德・雷丁,汤米・威廉斯,无法回答
肖申克的救赎,关于《肖申克的救赎》这本小说，安迪・杜弗伦偷偷向监狱内其他狱友透露了他的真实身份。他实际上是哪位政府高官的亲戚，以化名“兰德尔・史蒂芬斯”入狱？,典狱长,警卫队长,伯格斯,无法回答
许三观卖血记,关于《许三观卖血记》这本小说，许三观为什么被称为“油条西施”？,因为他经常买油条给妻子,因为他妻子喜欢吃油条,因为他妻子外表美丽如西施,无法回答
雪山飞狐,关于《雪山飞狐》这本小说，胡一刀的真实身份是？,清朝官员,丐帮帮主,小贩,无法回答
雪山飞狐,关于《雪山飞狐》这本小说，苗人凤与田归农的家族是什么世家？,隐士,皇族,武林世家,无法回答
一桩事先张扬的凶杀案,关于《一桩事先张扬的凶杀案》这本小说，新娘安赫拉・维卡里奥被指控的理由是什么？,她窃取了小镇上一位名人的珍贵珠宝,她参与了一场密谋篡位的阴谋,她拒绝了一位年长贵族的求婚,无法回答
一桩事先张扬的凶杀案,关于《一桩事先张扬的凶杀案》这本小说，圣地亚哥・纳萨尔在小镇上因什么事情受到了居民们的尊敬？,他是小镇的镇长，领导了多年的公益活动,他是一位受人爱戴的慈善家，捐助了大量贫困家庭,他是一名著名的医生，为小镇居民免费提供医疗服务,无法回答
倚天屠龙记,关于《倚天屠龙记》这本小说，张无忌在与谢逊交战时，意外受伤导致失去了武功，他做了什么？,张无忌选择向少林寺求救，寻求医治。,张无忌选择独自寻找治疗方法，不依赖于其他门派。,张无忌感到迷茫，不知道该怎么选择。,无法回答
月亮与六便士,关于《月亮与六便士》这本小说，思特里克兰德的妻子的名字是什么？,艾丽莎,安娜,伊莎贝尔,无法回答
长安的荔枝,关于《长安的荔枝》这本小说，李善德让谁帮助自己运输荔枝？,杨贵妃,王昭君,唐太宗李世民,无法回答
长安的荔枝,关于《长安的荔枝》这本小说，荔枝的保鲜时限是多久？,一周,十天,一个月,无法回答
长日将尽,关于《长日将尽》这本小说，史蒂文斯的妻子是谁？,达林顿勋爵的女儿,肯顿小姐,伊丽莎白小姐,无法回答
追风筝的人,关于《追风筝的人》这本小说，阿米尔的父亲阿里是做什么的？,一名富商,一名政治家,一名教师,无法回答
最好的我们,关于《最好的我们》这本小说，耿耿和余淮的友谊并未受到任何挑战和困难，这是因为？,他们是亲兄妹，天生默契,在学校中被认定为模范生，得到特殊待遇,有一位神秘导师指导他们克服困难,无法回答
无人生还,关于《无人生还》这本小说，谁是管家罗杰斯夫妇的侄子,彼得,约翰,无法回答,玛丽
我的天才女友,关于《我的天才女友》这本小说，莉拉的哥哥在故事中扮演了什么角色？,莉拉的哥哥是她的同学，共同经历成长,莉拉的哥哥是她的敌人，不断阻挠她的计划,莉拉的哥哥是她的偶像，给予她支持和鼓励,无法回答
我的天才女友,关于《我的天才女友》这本小说，莉拉和埃莱娜的父母对她们的求学态度如何？,父母支持她们追求学业，鼓励她们读书,父母反对她们继续求学，希望她们帮忙家里生计,父母对她们的求学态度中立，不偏向支持或反对,无法回答
斯通纳,关于《斯通纳》这本小说，威廉・斯通纳是一位成功的企业家，他的事业蒸蒸日上。他的成功主要来源于以下哪个因素？,出色的领导才能和商业洞察力,积极的社交网络和人脉关系,优异的销售技巧和市场营销策略,无法回答
斯通纳,关于《斯通纳》这本小说，威廉・斯通纳是一位冒险家，他在生命中经历了无数惊险刺激的冒险。这些冒险中最令人印象深刻的是什么？,登顶珠穆朗玛峰，挑战世界之巅,深海潜水，探索海底的奥秘,太空飞行，探索宇宙的辽阔,无法回答
受戒,关于《受戒》这本小说，小英子的父亲是谁？,仁山,大英子,明海的父亲,无法回答
骆驼祥子,关于《骆驼祥子》这本小说，祥子最终实现了他的人生理想，成为了富有的城市商人。他的成功秘诀是什么？,勤劳、坚持努力,幸运的投资,无法回答,一份高薪工作
骆驼祥子,关于《骆驼祥子》这本小说，虎妞最终选择了原谅祥子，他们过上幸福美满的生活。这个决定是基于什么考虑？,无法回答,虎妞的宽容和理解,社会对他们的眷顾,虎妞的家庭影响
鹿鼎记,关于《鹿鼎记》这本小说，韦小宝最终成为了哪个皇帝的王后？,洪七公,阿珂,陈圆圆,无法回答
鹿鼎记,关于《鹿鼎记》这本小说，韦小宝在少林寺出家后成为了虔诚的和尚，他的法名是什么？,智慧宝,普贤宝,晦明禅师,无法回答
房思琪的初恋乐园,关于《房思琪的初恋乐园》这本小说，思琪在故事中的家庭成员是？,父母,兄弟姐妹,丈夫,无法回答
窗边的小豆豆,关于《窗边的小豆豆》这本小说，小豆豆曾经被派往参加一个超能力训练营。那么，这个超能力训练营的导师是谁？,超人,绿巨人,火星人,无法回答
窗边的小豆豆,"关于《窗边的小豆豆》这本小说，小豆豆在一个神秘冒险中遇到了一位神话生物,这位神话生物是什么？",独角兽,龙,仙女,无法回答
茶馆,关于《茶馆》这本小说，哪位角色最终成为了中国的国家领导人？,王利发,常四爷,康顺子,无法回答
茶馆,关于《茶馆》这本小说，裕泰茶馆的营业最终受到了哪位清朝皇帝的表彰和奖励？,光绪皇帝,道光皇帝,慈禧太后,无法回答
灿烂千阳,关于《灿烂千阳》这本小说，玛黎安和莱拉在建立了美满幸福的家庭，有几个孩子呢？,1,2,3,无法回答
荒原狼,关于《荒原狼》这本小说，哈瑞・黑勒在魔术剧场中遇到了什么动物,狼,狐狸,大象,无法回答
